issue_date,label_date,split,ticker,prob_up,actual_up,correct,your_threshold,your_decision_up
2023-12-29,2024-01-02,test_prequential,SPY,0.5423364043235779,0,0,0.5,1
2023-12-29,2024-01-02,test_prequential,QQQ,0.49436262249946594,0,1,0.5,0
2023-12-29,2024-01-02,test_prequential,IWM,0.4487289786338806,0,1,0.5,0
2024-01-02,2024-01-03,test_prequential,SPY,0.5569327473640442,0,0,0.5,1
2024-01-02,2024-01-03,test_prequential,QQQ,0.5134774446487427,0,0,0.5,1
2024-01-02,2024-01-03,test_prequential,IWM,0.44356569647789,0,1,0.5,0
2024-01-03,2024-01-04,test_prequential,SPY,0.49733564257621765,0,1,0.5,0
2024-01-03,2024-01-04,test_prequential,QQQ,0.4552716612815857,0,1,0.5,0
2024-01-03,2024-01-04,test_prequential,IWM,0.43467381596565247,0,1,0.5,0
2024-01-04,2024-01-05,test_prequential,SPY,0.5134519338607788,1,1,0.5,1
2024-01-04,2024-01-05,test_prequential,QQQ,0.47671008110046387,1,0,0.5,0
2024-01-04,2024-01-05,test_prequential,IWM,0.42264360189437866,0,1,0.5,0
2024-01-05,2024-01-08,test_prequential,SPY,0.5039548277854919,1,1,0.5,1
2024-01-05,2024-01-08,test_prequential,QQQ,0.46424078941345215,1,0,0.5,0
2024-01-05,2024-01-08,test_prequential,IWM,0.4177400469779968,1,0,0.5,0
2024-01-08,2024-01-09,test_prequential,SPY,0.506323516368866,0,0,0.5,1
2024-01-08,2024-01-09,test_prequential,QQQ,0.485253244638443,1,0,0.5,0
2024-01-08,2024-01-09,test_prequential,IWM,0.43954750895500183,0,1,0.5,0
2024-01-09,2024-01-10,test_prequential,SPY,0.4677239656448364,1,0,0.5,0
2024-01-09,2024-01-10,test_prequential,QQQ,0.4422127604484558,1,0,0.5,0
2024-01-09,2024-01-10,test_prequential,IWM,0.39932823181152344,1,0,0.5,0
2024-01-10,2024-01-11,test_prequential,SPY,0.4938230812549591,0,1,0.5,0
2024-01-10,2024-01-11,test_prequential,QQQ,0.4712485074996948,1,0,0.5,0
2024-01-10,2024-01-11,test_prequential,IWM,0.3915083408355713,0,1,0.5,0
2024-01-11,2024-01-12,test_prequential,SPY,0.47452986240386963,1,0,0.5,0
2024-01-11,2024-01-12,test_prequential,QQQ,0.45402050018310547,1,0,0.5,0
2024-01-11,2024-01-12,test_prequential,IWM,0.3853609561920166,0,1,0.5,0
2024-01-12,2024-01-16,test_prequential,SPY,0.48794135451316833,0,1,0.5,0
2024-01-12,2024-01-16,test_prequential,QQQ,0.48175227642059326,0,1,0.5,0
2024-01-12,2024-01-16,test_prequential,IWM,0.3556957542896271,0,1,0.5,0
2024-01-16,2024-01-17,test_prequential,SPY,0.45640531182289124,0,1,0.5,0
2024-01-16,2024-01-17,test_prequential,QQQ,0.4533015489578247,0,1,0.5,0
2024-01-16,2024-01-17,test_prequential,IWM,0.3581010103225708,0,1,0.5,0
2024-01-17,2024-01-18,test_prequential,SPY,0.46477052569389343,1,0,0.5,0
2024-01-17,2024-01-18,test_prequential,QQQ,0.4717588424682617,1,0,0.5,0
2024-01-17,2024-01-18,test_prequential,IWM,0.3416803479194641,1,0,0.5,0
2024-01-18,2024-01-19,test_prequential,SPY,0.4800774157047272,1,0,0.5,0
2024-01-18,2024-01-19,test_prequential,QQQ,0.48848897218704224,1,0,0.5,0
2024-01-18,2024-01-19,test_prequential,IWM,0.3513244390487671,1,0,0.5,0
2024-01-19,2024-01-22,test_prequential,SPY,0.48782628774642944,1,0,0.5,0
2024-01-19,2024-01-22,test_prequential,QQQ,0.5058190226554871,1,1,0.5,1
2024-01-19,2024-01-22,test_prequential,IWM,0.3625638484954834,1,0,0.5,0
2024-01-22,2024-01-23,test_prequential,SPY,0.516128420829773,1,1,0.5,1
2024-01-22,2024-01-23,test_prequential,QQQ,0.5438433289527893,1,1,0.5,1
2024-01-22,2024-01-23,test_prequential,IWM,0.3302212059497833,0,1,0.5,0
2024-01-23,2024-01-24,test_prequential,SPY,0.48442378640174866,1,0,0.5,0
2024-01-23,2024-01-24,test_prequential,QQQ,0.5169170498847961,1,1,0.5,1
2024-01-23,2024-01-24,test_prequential,IWM,0.31634655594825745,0,1,0.5,0
2024-01-24,2024-01-25,test_prequential,SPY,0.48973214626312256,1,0,0.5,0
2024-01-24,2024-01-25,test_prequential,QQQ,0.5108094811439514,1,1,0.5,1
2024-01-24,2024-01-25,test_prequential,IWM,0.31416055560112,1,0,0.5,0
2024-01-25,2024-01-26,test_prequential,SPY,0.538719117641449,0,0,0.5,1
2024-01-25,2024-01-26,test_prequential,QQQ,0.571850061416626,0,0,0.5,1
2024-01-25,2024-01-26,test_prequential,IWM,0.31749701499938965,1,0,0.5,0
2024-01-26,2024-01-29,test_prequential,SPY,0.5384997725486755,1,1,0.5,1
2024-01-26,2024-01-29,test_prequential,QQQ,0.5757192969322205,1,1,0.5,1
2024-01-26,2024-01-29,test_prequential,IWM,0.3109529912471771,1,0,0.5,0
2024-01-29,2024-01-30,test_prequential,SPY,0.5465887784957886,0,0,0.5,1
2024-01-29,2024-01-30,test_prequential,QQQ,0.6015837788581848,0,0,0.5,1
2024-01-29,2024-01-30,test_prequential,IWM,0.3471547067165375,0,1,0.5,0
2024-01-30,2024-01-31,test_prequential,SPY,0.5327920913696289,0,0,0.5,1
2024-01-30,2024-01-31,test_prequential,QQQ,0.5755800008773804,0,0,0.5,1
2024-01-30,2024-01-31,test_prequential,IWM,0.3217759430408478,0,1,0.5,0
2024-01-31,2024-02-01,test_prequential,SPY,0.5168020725250244,1,1,0.5,1
2024-01-31,2024-02-01,test_prequential,QQQ,0.5533033013343811,1,1,0.5,1
2024-01-31,2024-02-01,test_prequential,IWM,0.3279111385345459,1,0,0.5,0
2024-02-01,2024-02-02,test_prequential,SPY,0.5619489550590515,1,1,0.5,1
2024-02-01,2024-02-02,test_prequential,QQQ,0.603309154510498,1,1,0.5,1
2024-02-01,2024-02-02,test_prequential,IWM,0.36010199785232544,0,1,0.5,0
2024-02-02,2024-02-05,test_prequential,SPY,0.5298256278038025,0,0,0.5,1
2024-02-02,2024-02-05,test_prequential,QQQ,0.5689160227775574,0,0,0.5,1
2024-02-02,2024-02-05,test_prequential,IWM,0.37267595529556274,0,1,0.5,0
2024-02-05,2024-02-06,test_prequential,SPY,0.5296580195426941,1,1,0.5,1
2024-02-05,2024-02-06,test_prequential,QQQ,0.5729767084121704,0,0,0.5,1
2024-02-05,2024-02-06,test_prequential,IWM,0.3417925536632538,1,0,0.5,0
2024-02-06,2024-02-07,test_prequential,SPY,0.5740327835083008,1,1,0.5,1
2024-02-06,2024-02-07,test_prequential,QQQ,0.6224333047866821,1,1,0.5,1
2024-02-06,2024-02-07,test_prequential,IWM,0.3442835509777069,0,1,0.5,0
2024-02-07,2024-02-08,test_prequential,SPY,0.5528565645217896,1,1,0.5,1
2024-02-07,2024-02-08,test_prequential,QQQ,0.5911685824394226,1,1,0.5,1
2024-02-07,2024-02-08,test_prequential,IWM,0.35353612899780273,1,0,0.5,0
2024-02-08,2024-02-09,test_prequential,SPY,0.5838711261749268,1,1,0.5,1
2024-02-08,2024-02-09,test_prequential,QQQ,0.6330177187919617,1,1,0.5,1
2024-02-08,2024-02-09,test_prequential,IWM,0.34558549523353577,1,0,0.5,0
2024-02-09,2024-02-12,test_prequential,SPY,0.5864257216453552,0,0,0.5,1
2024-02-09,2024-02-12,test_prequential,QQQ,0.6355621218681335,0,0,0.5,1
2024-02-09,2024-02-12,test_prequential,IWM,0.36979541182518005,1,0,0.5,0
2024-02-12,2024-02-13,test_prequential,SPY,0.6134263873100281,0,0,0.5,1
2024-02-12,2024-02-13,test_prequential,QQQ,0.6557676792144775,0,0,0.5,1
2024-02-12,2024-02-13,test_prequential,IWM,0.3619283139705658,0,1,0.5,0
2024-02-13,2024-02-14,test_prequential,SPY,0.535571277141571,1,1,0.5,1
2024-02-13,2024-02-14,test_prequential,QQQ,0.5670685172080994,1,1,0.5,1
2024-02-13,2024-02-14,test_prequential,IWM,0.39041218161582947,1,0,0.5,0
2024-02-14,2024-02-15,test_prequential,SPY,0.6149783134460449,1,1,0.5,1
2024-02-14,2024-02-15,test_prequential,QQQ,0.6484059691429138,1,1,0.5,1
2024-02-14,2024-02-15,test_prequential,IWM,0.3892683982849121,1,0,0.5,0
2024-02-15,2024-02-16,test_prequential,SPY,0.6235395669937134,0,0,0.5,1
2024-02-15,2024-02-16,test_prequential,QQQ,0.6579962372779846,0,0,0.5,1
2024-02-15,2024-02-16,test_prequential,IWM,0.3983241617679596,0,1,0.5,0
2024-02-16,2024-02-20,test_prequential,SPY,0.5985831618309021,0,0,0.5,1
2024-02-16,2024-02-20,test_prequential,QQQ,0.6100069284439087,0,0,0.5,1
2024-02-16,2024-02-20,test_prequential,IWM,0.39244890213012695,0,1,0.5,0
2024-02-20,2024-02-21,test_prequential,SPY,0.5863680243492126,1,1,0.5,1
2024-02-20,2024-02-21,test_prequential,QQQ,0.6105976104736328,0,0,0.5,1
2024-02-20,2024-02-21,test_prequential,IWM,0.40868884325027466,0,1,0.5,0
2024-02-21,2024-02-22,test_prequential,SPY,0.5922590494155884,1,1,0.5,1
2024-02-21,2024-02-22,test_prequential,QQQ,0.6131543517112732,1,1,0.5,1
2024-02-21,2024-02-22,test_prequential,IWM,0.4148189127445221,1,0,0.5,0
2024-02-22,2024-02-23,test_prequential,SPY,0.5926395058631897,1,1,0.5,1
2024-02-22,2024-02-23,test_prequential,QQQ,0.5962886810302734,0,0,0.5,1
2024-02-22,2024-02-23,test_prequential,IWM,0.4452058672904968,1,0,0.5,0
2024-02-23,2024-02-26,test_prequential,SPY,0.6185500025749207,0,0,0.5,1
2024-02-23,2024-02-26,test_prequential,QQQ,0.6235873103141785,0,0,0.5,1
2024-02-23,2024-02-26,test_prequential,IWM,0.4199492037296295,1,0,0.5,0
2024-02-26,2024-02-27,test_prequential,SPY,0.6054286360740662,1,1,0.5,1
2024-02-26,2024-02-27,test_prequential,QQQ,0.6054556965827942,1,1,0.5,1
2024-02-26,2024-02-27,test_prequential,IWM,0.4268328845500946,1,0,0.5,0
2024-02-27,2024-02-28,test_prequential,SPY,0.6175001263618469,0,0,0.5,1
2024-02-27,2024-02-28,test_prequential,QQQ,0.6188767552375793,0,0,0.5,1
2024-02-27,2024-02-28,test_prequential,IWM,0.4433392286300659,0,1,0.5,0
2024-02-28,2024-02-29,test_prequential,SPY,0.5916668176651001,1,1,0.5,1
2024-02-28,2024-02-29,test_prequential,QQQ,0.5752662420272827,1,1,0.5,1
2024-02-28,2024-02-29,test_prequential,IWM,0.45604759454727173,1,0,0.5,0
2024-02-29,2024-03-01,test_prequential,SPY,0.6093358993530273,1,1,0.5,1
2024-02-29,2024-03-01,test_prequential,QQQ,0.5971307158470154,1,1,0.5,1
2024-02-29,2024-03-01,test_prequential,IWM,0.48105719685554504,1,0,0.5,0
2024-03-01,2024-03-04,test_prequential,SPY,0.6067997217178345,0,0,0.5,1
2024-03-01,2024-03-04,test_prequential,QQQ,0.5954900979995728,0,0,0.5,1
2024-03-01,2024-03-04,test_prequential,IWM,0.5035449862480164,0,0,0.5,1
2024-03-04,2024-03-05,test_prequential,SPY,0.6047762036323547,0,0,0.5,1
2024-03-04,2024-03-05,test_prequential,QQQ,0.5784085988998413,0,0,0.5,1
2024-03-04,2024-03-05,test_prequential,IWM,0.48845967650413513,0,1,0.5,0
2024-03-05,2024-03-06,test_prequential,SPY,0.6066386699676514,1,1,0.5,1
2024-03-05,2024-03-06,test_prequential,QQQ,0.569934070110321,1,1,0.5,1
2024-03-05,2024-03-06,test_prequential,IWM,0.49925071001052856,1,0,0.5,0
2024-03-06,2024-03-07,test_prequential,SPY,0.6141926646232605,1,1,0.5,1
2024-03-06,2024-03-07,test_prequential,QQQ,0.5840359926223755,1,1,0.5,1
2024-03-06,2024-03-07,test_prequential,IWM,0.5152640342712402,1,1,0.5,1
2024-03-07,2024-03-08,test_prequential,SPY,0.6056510210037231,0,0,0.5,1
2024-03-07,2024-03-08,test_prequential,QQQ,0.5812574028968811,0,0,0.5,1
2024-03-07,2024-03-08,test_prequential,IWM,0.5381268858909607,0,0,0.5,1
2024-03-08,2024-03-11,test_prequential,SPY,0.6217230558395386,0,0,0.5,1
2024-03-08,2024-03-11,test_prequential,QQQ,0.5751851201057434,0,0,0.5,1
2024-03-08,2024-03-11,test_prequential,IWM,0.5264680981636047,0,0,0.5,1
2024-03-11,2024-03-12,test_prequential,SPY,0.5987727642059326,1,1,0.5,1
2024-03-11,2024-03-12,test_prequential,QQQ,0.5577359795570374,1,1,0.5,1
2024-03-11,2024-03-12,test_prequential,IWM,0.5350190997123718,0,0,0.5,1
2024-03-12,2024-03-13,test_prequential,SPY,0.5906997323036194,0,0,0.5,1
2024-03-12,2024-03-13,test_prequential,QQQ,0.5515862107276917,0,0,0.5,1
2024-03-12,2024-03-13,test_prequential,IWM,0.5566189885139465,1,1,0.5,1
2024-03-13,2024-03-14,test_prequential,SPY,0.6096860766410828,0,0,0.5,1
2024-03-13,2024-03-14,test_prequential,QQQ,0.5693696737289429,0,0,0.5,1
2024-03-13,2024-03-14,test_prequential,IWM,0.5320478677749634,0,0,0.5,1
2024-03-14,2024-03-15,test_prequential,SPY,0.5736879110336304,0,0,0.5,1
2024-03-14,2024-03-15,test_prequential,QQQ,0.5087161660194397,0,0,0.5,1
2024-03-14,2024-03-15,test_prequential,IWM,0.5513529777526855,1,1,0.5,1
2024-03-15,2024-03-18,test_prequential,SPY,0.5966112017631531,1,1,0.5,1
2024-03-15,2024-03-18,test_prequential,QQQ,0.5489884614944458,1,1,0.5,1
2024-03-15,2024-03-18,test_prequential,IWM,0.545548141002655,0,0,0.5,1
2024-03-18,2024-03-19,test_prequential,SPY,0.5693966150283813,1,1,0.5,1
2024-03-18,2024-03-19,test_prequential,QQQ,0.5106024742126465,1,1,0.5,1
2024-03-18,2024-03-19,test_prequential,IWM,0.5542889833450317,1,1,0.5,1
2024-03-19,2024-03-20,test_prequential,SPY,0.5835535526275635,1,1,0.5,1
2024-03-19,2024-03-20,test_prequential,QQQ,0.5499411225318909,1,1,0.5,1
2024-03-19,2024-03-20,test_prequential,IWM,0.5567330121994019,1,1,0.5,1
2024-03-20,2024-03-21,test_prequential,SPY,0.5943725109100342,1,1,0.5,1
2024-03-20,2024-03-21,test_prequential,QQQ,0.5630707144737244,1,1,0.5,1
2024-03-20,2024-03-21,test_prequential,IWM,0.5630226135253906,1,1,0.5,1
2024-03-21,2024-03-22,test_prequential,SPY,0.5947179794311523,0,0,0.5,1
2024-03-21,2024-03-22,test_prequential,QQQ,0.5547340512275696,1,1,0.5,1
2024-03-21,2024-03-22,test_prequential,IWM,0.5543187856674194,0,0,0.5,1
2024-03-22,2024-03-25,test_prequential,SPY,0.5630866289138794,0,0,0.5,1
2024-03-22,2024-03-25,test_prequential,QQQ,0.5200704336166382,0,0,0.5,1
2024-03-22,2024-03-25,test_prequential,IWM,0.5586934685707092,1,1,0.5,1
2024-03-25,2024-03-26,test_prequential,SPY,0.5733332633972168,0,0,0.5,1
2024-03-25,2024-03-26,test_prequential,QQQ,0.5525623559951782,0,0,0.5,1
2024-03-25,2024-03-26,test_prequential,IWM,0.558455228805542,0,0,0.5,1
2024-03-26,2024-03-27,test_prequential,SPY,0.571782648563385,1,1,0.5,1
2024-03-26,2024-03-27,test_prequential,QQQ,0.5363577008247375,1,1,0.5,1
2024-03-26,2024-03-27,test_prequential,IWM,0.562860906124115,1,1,0.5,1
2024-03-27,2024-03-28,test_prequential,SPY,0.605201005935669,0,0,0.5,1
2024-03-27,2024-03-28,test_prequential,QQQ,0.5768422484397888,0,0,0.5,1
2024-03-27,2024-03-28,test_prequential,IWM,0.5709881782531738,1,1,0.5,1
2024-03-28,2024-04-01,test_prequential,SPY,0.5791764259338379,0,0,0.5,1
2024-03-28,2024-04-01,test_prequential,QQQ,0.5546937584877014,1,1,0.5,1
2024-03-28,2024-04-01,test_prequential,IWM,0.5783397555351257,0,0,0.5,1
2024-04-01,2024-04-02,test_prequential,SPY,0.5348138809204102,0,0,0.5,1
2024-04-01,2024-04-02,test_prequential,QQQ,0.5182327032089233,0,0,0.5,1
2024-04-01,2024-04-02,test_prequential,IWM,0.5861103534698486,0,0,0.5,1
2024-04-02,2024-04-03,test_prequential,SPY,0.5298711657524109,1,1,0.5,1
2024-04-02,2024-04-03,test_prequential,QQQ,0.5186700224876404,1,1,0.5,1
2024-04-02,2024-04-03,test_prequential,IWM,0.5844467282295227,1,1,0.5,1
2024-04-03,2024-04-04,test_prequential,SPY,0.5438898801803589,0,0,0.5,1
2024-04-03,2024-04-04,test_prequential,QQQ,0.5557767748832703,0,0,0.5,1
2024-04-03,2024-04-04,test_prequential,IWM,0.5919694900512695,0,0,0.5,1
2024-04-04,2024-04-05,test_prequential,SPY,0.538731575012207,1,1,0.5,1
2024-04-04,2024-04-05,test_prequential,QQQ,0.5189793705940247,1,1,0.5,1
2024-04-04,2024-04-05,test_prequential,IWM,0.5822952389717102,1,1,0.5,1
2024-04-05,2024-04-08,test_prequential,SPY,0.5360137224197388,1,1,0.5,1
2024-04-05,2024-04-08,test_prequential,QQQ,0.5431764125823975,1,1,0.5,1
2024-04-05,2024-04-08,test_prequential,IWM,0.6028686165809631,1,1,0.5,1
2024-04-08,2024-04-09,test_prequential,SPY,0.5363948941230774,1,1,0.5,1
2024-04-08,2024-04-09,test_prequential,QQQ,0.5584041476249695,1,1,0.5,1
2024-04-08,2024-04-09,test_prequential,IWM,0.5861489176750183,1,1,0.5,1
2024-04-09,2024-04-10,test_prequential,SPY,0.5381388068199158,0,0,0.5,1
2024-04-09,2024-04-10,test_prequential,QQQ,0.5581361055374146,0,0,0.5,1
2024-04-09,2024-04-10,test_prequential,IWM,0.6037050485610962,0,0,0.5,1
2024-04-10,2024-04-11,test_prequential,SPY,0.5020221471786499,1,1,0.5,1
2024-04-10,2024-04-11,test_prequential,QQQ,0.5180685520172119,1,1,0.5,1
2024-04-10,2024-04-11,test_prequential,IWM,0.6099758744239807,1,1,0.5,1
2024-04-11,2024-04-12,test_prequential,SPY,0.5256651043891907,0,0,0.5,1
2024-04-11,2024-04-12,test_prequential,QQQ,0.5589350461959839,0,0,0.5,1
2024-04-11,2024-04-12,test_prequential,IWM,0.6212714314460754,0,0,0.5,1
2024-04-12,2024-04-15,test_prequential,SPY,0.5156755447387695,0,0,0.5,1
2024-04-12,2024-04-15,test_prequential,QQQ,0.5355781316757202,0,0,0.5,1
2024-04-12,2024-04-15,test_prequential,IWM,0.6108769774436951,0,0,0.5,1
2024-04-15,2024-04-16,test_prequential,SPY,0.5194684863090515,0,0,0.5,1
2024-04-15,2024-04-16,test_prequential,QQQ,0.5228882431983948,1,1,0.5,1
2024-04-15,2024-04-16,test_prequential,IWM,0.6077239513397217,0,0,0.5,1
2024-04-16,2024-04-17,test_prequential,SPY,0.5179089903831482,0,0,0.5,1
2024-04-16,2024-04-17,test_prequential,QQQ,0.5442270636558533,0,0,0.5,1
2024-04-16,2024-04-17,test_prequential,IWM,0.6043376326560974,0,0,0.5,1
2024-04-17,2024-04-18,test_prequential,SPY,0.5244723558425903,0,0,0.5,1
2024-04-17,2024-04-18,test_prequential,QQQ,0.5452992916107178,0,0,0.5,1
2024-04-17,2024-04-18,test_prequential,IWM,0.5893080234527588,0,0,0.5,1
2024-04-18,2024-04-19,test_prequential,SPY,0.5206141471862793,0,0,0.5,1
2024-04-18,2024-04-19,test_prequential,QQQ,0.5516155362129211,0,0,0.5,1
2024-04-18,2024-04-19,test_prequential,IWM,0.5856450200080872,1,1,0.5,1
2024-04-19,2024-04-22,test_prequential,SPY,0.5406619310379028,1,1,0.5,1
2024-04-19,2024-04-22,test_prequential,QQQ,0.5704100131988525,1,1,0.5,1
2024-04-19,2024-04-22,test_prequential,IWM,0.5731155276298523,1,1,0.5,1
2024-04-22,2024-04-23,test_prequential,SPY,0.5075023174285889,1,1,0.5,1
2024-04-22,2024-04-23,test_prequential,QQQ,0.5559775829315186,1,1,0.5,1
2024-04-22,2024-04-23,test_prequential,IWM,0.5945497155189514,1,1,0.5,1
2024-04-23,2024-04-24,test_prequential,SPY,0.5109902620315552,0,0,0.5,1
2024-04-23,2024-04-24,test_prequential,QQQ,0.5665019750595093,1,1,0.5,1
2024-04-23,2024-04-24,test_prequential,IWM,0.5941265225410461,0,0,0.5,1
2024-04-24,2024-04-25,test_prequential,SPY,0.48182594776153564,0,1,0.5,0
2024-04-24,2024-04-25,test_prequential,QQQ,0.5330265760421753,0,0,0.5,1
2024-04-24,2024-04-25,test_prequential,IWM,0.5795827507972717,0,0,0.5,1
2024-04-25,2024-04-26,test_prequential,SPY,0.4710516333580017,1,0,0.5,0
2024-04-25,2024-04-26,test_prequential,QQQ,0.5362473130226135,1,1,0.5,1
2024-04-25,2024-04-26,test_prequential,IWM,0.5873358845710754,1,1,0.5,1
2024-04-26,2024-04-29,test_prequential,SPY,0.48850852251052856,1,0,0.5,0
2024-04-26,2024-04-29,test_prequential,QQQ,0.5552692413330078,1,1,0.5,1
2024-04-26,2024-04-29,test_prequential,IWM,0.5810964107513428,1,1,0.5,1
2024-04-29,2024-04-30,test_prequential,SPY,0.49504438042640686,0,1,0.5,0
2024-04-29,2024-04-30,test_prequential,QQQ,0.5693899989128113,0,0,0.5,1
2024-04-29,2024-04-30,test_prequential,IWM,0.5669844746589661,0,0,0.5,1
2024-04-30,2024-05-01,test_prequential,SPY,0.46095502376556396,0,1,0.5,0
2024-04-30,2024-05-01,test_prequential,QQQ,0.5199995040893555,0,0,0.5,1
2024-04-30,2024-05-01,test_prequential,IWM,0.5673474669456482,1,1,0.5,1
2024-05-01,2024-05-02,test_prequential,SPY,0.48702260851860046,1,0,0.5,0
2024-05-01,2024-05-02,test_prequential,QQQ,0.5561150312423706,1,1,0.5,1
2024-05-01,2024-05-02,test_prequential,IWM,0.5751122236251831,1,1,0.5,1
2024-05-02,2024-05-03,test_prequential,SPY,0.46569588780403137,1,0,0.5,0
2024-05-02,2024-05-03,test_prequential,QQQ,0.5484839677810669,1,1,0.5,1
2024-05-02,2024-05-03,test_prequential,IWM,0.5644132494926453,1,1,0.5,1
2024-05-03,2024-05-06,test_prequential,SPY,0.46288996934890747,1,0,0.5,0
2024-05-03,2024-05-06,test_prequential,QQQ,0.5376346111297607,1,1,0.5,1
2024-05-03,2024-05-06,test_prequential,IWM,0.5642307996749878,1,1,0.5,1
2024-05-06,2024-05-07,test_prequential,SPY,0.47224459052085876,1,0,0.5,0
2024-05-06,2024-05-07,test_prequential,QQQ,0.5616344213485718,1,1,0.5,1
2024-05-06,2024-05-07,test_prequential,IWM,0.5631150007247925,1,1,0.5,1
2024-05-07,2024-05-08,test_prequential,SPY,0.46916213631629944,1,0,0.5,0
2024-05-07,2024-05-08,test_prequential,QQQ,0.5567825436592102,0,0,0.5,1
2024-05-07,2024-05-08,test_prequential,IWM,0.5625091791152954,0,0,0.5,1
2024-05-08,2024-05-09,test_prequential,SPY,0.4606526494026184,1,0,0.5,0
2024-05-08,2024-05-09,test_prequential,QQQ,0.5509873032569885,1,1,0.5,1
2024-05-08,2024-05-09,test_prequential,IWM,0.5681681036949158,1,1,0.5,1
2024-05-09,2024-05-10,test_prequential,SPY,0.4962346851825714,1,0,0.5,0
2024-05-09,2024-05-10,test_prequential,QQQ,0.5825287103652954,1,1,0.5,1
2024-05-09,2024-05-10,test_prequential,IWM,0.5720346570014954,0,0,0.5,1
2024-05-10,2024-05-13,test_prequential,SPY,0.47911980748176575,1,0,0.5,0
2024-05-10,2024-05-13,test_prequential,QQQ,0.5560513734817505,1,1,0.5,1
2024-05-10,2024-05-13,test_prequential,IWM,0.5727839469909668,1,1,0.5,1
2024-05-13,2024-05-14,test_prequential,SPY,0.49798983335494995,1,0,0.5,0
2024-05-13,2024-05-14,test_prequential,QQQ,0.5773876905441284,1,1,0.5,1
2024-05-13,2024-05-14,test_prequential,IWM,0.5667178630828857,1,1,0.5,1
2024-05-14,2024-05-15,test_prequential,SPY,0.5306224822998047,1,1,0.5,1
2024-05-14,2024-05-15,test_prequential,QQQ,0.609903872013092,1,1,0.5,1
2024-05-14,2024-05-15,test_prequential,IWM,0.5798290371894836,1,1,0.5,1
2024-05-15,2024-05-16,test_prequential,SPY,0.5404971837997437,0,0,0.5,1
2024-05-15,2024-05-16,test_prequential,QQQ,0.6134713888168335,0,0,0.5,1
2024-05-15,2024-05-16,test_prequential,IWM,0.5960148572921753,0,0,0.5,1
2024-05-16,2024-05-17,test_prequential,SPY,0.5407050251960754,1,1,0.5,1
2024-05-16,2024-05-17,test_prequential,QQQ,0.6031821370124817,0,0,0.5,1
2024-05-16,2024-05-17,test_prequential,IWM,0.5784677267074585,1,1,0.5,1
2024-05-17,2024-05-20,test_prequential,SPY,0.5673017501831055,1,1,0.5,1
2024-05-17,2024-05-20,test_prequential,QQQ,0.6251093745231628,1,1,0.5,1
2024-05-17,2024-05-20,test_prequential,IWM,0.5850244164466858,1,1,0.5,1
2024-05-20,2024-05-21,test_prequential,SPY,0.5590492486953735,1,1,0.5,1
2024-05-20,2024-05-21,test_prequential,QQQ,0.6268170475959778,1,1,0.5,1
2024-05-20,2024-05-21,test_prequential,IWM,0.594935417175293,0,0,0.5,1
2024-05-21,2024-05-22,test_prequential,SPY,0.5764663219451904,0,0,0.5,1
2024-05-21,2024-05-22,test_prequential,QQQ,0.6366729736328125,0,0,0.5,1
2024-05-21,2024-05-22,test_prequential,IWM,0.594322144985199,0,0,0.5,1
2024-05-22,2024-05-23,test_prequential,SPY,0.5827693939208984,0,0,0.5,1
2024-05-22,2024-05-23,test_prequential,QQQ,0.6255427002906799,0,0,0.5,1
2024-05-22,2024-05-23,test_prequential,IWM,0.5922996401786804,0,0,0.5,1
2024-05-23,2024-05-24,test_prequential,SPY,0.578510582447052,1,1,0.5,1
2024-05-23,2024-05-24,test_prequential,QQQ,0.6059367060661316,1,1,0.5,1
2024-05-23,2024-05-24,test_prequential,IWM,0.5953378677368164,1,1,0.5,1
2024-05-24,2024-05-28,test_prequential,SPY,0.6193563342094421,1,1,0.5,1
2024-05-24,2024-05-28,test_prequential,QQQ,0.6646080017089844,1,1,0.5,1
2024-05-24,2024-05-28,test_prequential,IWM,0.5913183093070984,0,0,0.5,1
2024-05-28,2024-05-29,test_prequential,SPY,0.6105523109436035,0,0,0.5,1
2024-05-28,2024-05-29,test_prequential,QQQ,0.6420509815216064,0,0,0.5,1
2024-05-28,2024-05-29,test_prequential,IWM,0.5834242701530457,0,0,0.5,1
2024-05-29,2024-05-30,test_prequential,SPY,0.60908043384552,0,0,0.5,1
2024-05-29,2024-05-30,test_prequential,QQQ,0.6349820494651794,0,0,0.5,1
2024-05-29,2024-05-30,test_prequential,IWM,0.5776190757751465,1,1,0.5,1
2024-05-30,2024-05-31,test_prequential,SPY,0.6506007313728333,1,1,0.5,1
2024-05-30,2024-05-31,test_prequential,QQQ,0.6793568134307861,0,0,0.5,1
2024-05-30,2024-05-31,test_prequential,IWM,0.5670473575592041,1,1,0.5,1
2024-05-31,2024-06-03,test_prequential,SPY,0.6573866009712219,1,1,0.5,1
2024-05-31,2024-06-03,test_prequential,QQQ,0.6599388122558594,1,1,0.5,1
2024-05-31,2024-06-03,test_prequential,IWM,0.5890898108482361,0,0,0.5,1
2024-06-03,2024-06-04,test_prequential,SPY,0.6261576414108276,1,1,0.5,1
2024-06-03,2024-06-04,test_prequential,QQQ,0.634526789188385,1,1,0.5,1
2024-06-03,2024-06-04,test_prequential,IWM,0.5820761322975159,0,0,0.5,1
2024-06-04,2024-06-05,test_prequential,SPY,0.6287865042686462,1,1,0.5,1
2024-06-04,2024-06-05,test_prequential,QQQ,0.636354386806488,1,1,0.5,1
2024-06-04,2024-06-05,test_prequential,IWM,0.5706385970115662,1,1,0.5,1
2024-06-05,2024-06-06,test_prequential,SPY,0.6520169377326965,0,0,0.5,1
2024-06-05,2024-06-06,test_prequential,QQQ,0.6616143584251404,0,0,0.5,1
2024-06-05,2024-06-06,test_prequential,IWM,0.578091561794281,0,0,0.5,1
2024-06-06,2024-06-07,test_prequential,SPY,0.6558846235275269,0,0,0.5,1
2024-06-06,2024-06-07,test_prequential,QQQ,0.6490221619606018,0,0,0.5,1
2024-06-06,2024-06-07,test_prequential,IWM,0.5476429462432861,0,0,0.5,1
2024-06-07,2024-06-10,test_prequential,SPY,0.6454840898513794,1,1,0.5,1
2024-06-07,2024-06-10,test_prequential,QQQ,0.6273672580718994,1,1,0.5,1
2024-06-07,2024-06-10,test_prequential,IWM,0.5548888444900513,1,1,0.5,1
2024-06-10,2024-06-11,test_prequential,SPY,0.6673831343650818,1,1,0.5,1
2024-06-10,2024-06-11,test_prequential,QQQ,0.6603556871414185,1,1,0.5,1
2024-06-10,2024-06-11,test_prequential,IWM,0.5467879772186279,0,0,0.5,1
2024-06-11,2024-06-12,test_prequential,SPY,0.659791111946106,1,1,0.5,1
2024-06-11,2024-06-12,test_prequential,QQQ,0.6488268971443176,1,1,0.5,1
2024-06-11,2024-06-12,test_prequential,IWM,0.5461555123329163,1,1,0.5,1
2024-06-12,2024-06-13,test_prequential,SPY,0.6869951486587524,1,1,0.5,1
2024-06-12,2024-06-13,test_prequential,QQQ,0.6681537628173828,1,1,0.5,1
2024-06-12,2024-06-13,test_prequential,IWM,0.5421101450920105,0,0,0.5,1
2024-06-13,2024-06-14,test_prequential,SPY,0.6757962703704834,1,1,0.5,1
2024-06-13,2024-06-14,test_prequential,QQQ,0.6433835625648499,1,1,0.5,1
2024-06-13,2024-06-14,test_prequential,IWM,0.5320243239402771,0,0,0.5,1
2024-06-14,2024-06-17,test_prequential,SPY,0.6767067313194275,1,1,0.5,1
2024-06-14,2024-06-17,test_prequential,QQQ,0.6482698917388916,1,1,0.5,1
2024-06-14,2024-06-17,test_prequential,IWM,0.5233282446861267,1,1,0.5,1
2024-06-17,2024-06-18,test_prequential,SPY,0.7007458806037903,1,1,0.5,1
2024-06-17,2024-06-18,test_prequential,QQQ,0.6819350123405457,1,1,0.5,1
2024-06-17,2024-06-18,test_prequential,IWM,0.5348618626594543,1,1,0.5,1
2024-06-18,2024-06-20,test_prequential,SPY,0.7167125344276428,0,0,0.5,1
2024-06-18,2024-06-20,test_prequential,QQQ,0.6926995515823364,0,0,0.5,1
2024-06-18,2024-06-20,test_prequential,IWM,0.5114794969558716,0,0,0.5,1
2024-06-20,2024-06-21,test_prequential,SPY,0.7294939160346985,0,0,0.5,1
2024-06-20,2024-06-21,test_prequential,QQQ,0.6902453303337097,0,0,0.5,1
2024-06-20,2024-06-21,test_prequential,IWM,0.504603922367096,1,1,0.5,1
2024-06-21,2024-06-24,test_prequential,SPY,0.7329344749450684,0,0,0.5,1
2024-06-21,2024-06-24,test_prequential,QQQ,0.6983837485313416,0,0,0.5,1
2024-06-21,2024-06-24,test_prequential,IWM,0.5021527409553528,1,1,0.5,1
2024-06-24,2024-06-25,test_prequential,SPY,0.7377753853797913,1,1,0.5,1
2024-06-24,2024-06-25,test_prequential,QQQ,0.7082644104957581,1,1,0.5,1
2024-06-24,2024-06-25,test_prequential,IWM,0.4995763897895813,0,1,0.5,0
2024-06-25,2024-06-26,test_prequential,SPY,0.7124627828598022,1,1,0.5,1
2024-06-25,2024-06-26,test_prequential,QQQ,0.6844180226325989,1,1,0.5,1
2024-06-25,2024-06-26,test_prequential,IWM,0.5102611184120178,0,0,0.5,1
2024-06-26,2024-06-27,test_prequential,SPY,0.7294138669967651,1,1,0.5,1
2024-06-26,2024-06-27,test_prequential,QQQ,0.6972877979278564,1,1,0.5,1
2024-06-26,2024-06-27,test_prequential,IWM,0.4938930869102478,1,0,0.5,0
2024-06-27,2024-06-28,test_prequential,SPY,0.7388719320297241,0,0,0.5,1
2024-06-27,2024-06-28,test_prequential,QQQ,0.7175272107124329,0,0,0.5,1
2024-06-27,2024-06-28,test_prequential,IWM,0.4932704269886017,1,0,0.5,0
2024-06-28,2024-07-01,test_prequential,SPY,0.7444191575050354,1,1,0.5,1
2024-06-28,2024-07-01,test_prequential,QQQ,0.7119153141975403,1,1,0.5,1
2024-06-28,2024-07-01,test_prequential,IWM,0.5014685392379761,0,0,0.5,1
2024-07-01,2024-07-02,test_prequential,SPY,0.7265138626098633,1,1,0.5,1
2024-07-01,2024-07-02,test_prequential,QQQ,0.6949909329414368,1,1,0.5,1
2024-07-01,2024-07-02,test_prequential,IWM,0.4983707368373871,1,0,0.5,0
2024-07-02,2024-07-03,test_prequential,SPY,0.7361432313919067,1,1,0.5,1
2024-07-02,2024-07-03,test_prequential,QQQ,0.7193618416786194,1,1,0.5,1
2024-07-02,2024-07-03,test_prequential,IWM,0.5105308890342712,0,0,0.5,1
2024-07-03,2024-07-05,test_prequential,SPY,0.7472294569015503,1,1,0.5,1
2024-07-03,2024-07-05,test_prequential,QQQ,0.7289705872535706,1,1,0.5,1
2024-07-03,2024-07-05,test_prequential,IWM,0.48824673891067505,0,1,0.5,0
2024-07-05,2024-07-08,test_prequential,SPY,0.7472829222679138,1,1,0.5,1
2024-07-05,2024-07-08,test_prequential,QQQ,0.7199705839157104,1,1,0.5,1
2024-07-05,2024-07-08,test_prequential,IWM,0.49085426330566406,1,0,0.5,0
2024-07-08,2024-07-09,test_prequential,SPY,0.7637107372283936,1,1,0.5,1
2024-07-08,2024-07-09,test_prequential,QQQ,0.7391564249992371,1,1,0.5,1
2024-07-08,2024-07-09,test_prequential,IWM,0.4738292098045349,0,1,0.5,0
2024-07-09,2024-07-10,test_prequential,SPY,0.7625946402549744,1,1,0.5,1
2024-07-09,2024-07-10,test_prequential,QQQ,0.7342462539672852,1,1,0.5,1
2024-07-09,2024-07-10,test_prequential,IWM,0.46606895327568054,1,0,0.5,0
2024-07-10,2024-07-11,test_prequential,SPY,0.7761534452438354,0,0,0.5,1
2024-07-10,2024-07-11,test_prequential,QQQ,0.754240870475769,0,0,0.5,1
2024-07-10,2024-07-11,test_prequential,IWM,0.47910022735595703,1,0,0.5,0
2024-07-11,2024-07-12,test_prequential,SPY,0.7963510155677795,1,1,0.5,1
2024-07-11,2024-07-12,test_prequential,QQQ,0.7737658619880676,1,1,0.5,1
2024-07-11,2024-07-12,test_prequential,IWM,0.4611722528934479,1,0,0.5,0
2024-07-12,2024-07-15,test_prequential,SPY,0.7883052825927734,1,1,0.5,1
2024-07-12,2024-07-15,test_prequential,QQQ,0.7697412967681885,1,1,0.5,1
2024-07-12,2024-07-15,test_prequential,IWM,0.4818066358566284,1,0,0.5,0
2024-07-15,2024-07-16,test_prequential,SPY,0.7886237502098083,1,1,0.5,1
2024-07-15,2024-07-16,test_prequential,QQQ,0.7714967131614685,1,1,0.5,1
2024-07-15,2024-07-16,test_prequential,IWM,0.4865787625312805,1,0,0.5,0
2024-07-16,2024-07-17,test_prequential,SPY,0.8022328019142151,0,0,0.5,1
2024-07-16,2024-07-17,test_prequential,QQQ,0.7878782153129578,0,0,0.5,1
2024-07-16,2024-07-17,test_prequential,IWM,0.484182208776474,0,1,0.5,0
2024-07-17,2024-07-18,test_prequential,SPY,0.7950714230537415,0,0,0.5,1
2024-07-17,2024-07-18,test_prequential,QQQ,0.7735131978988647,0,0,0.5,1
2024-07-17,2024-07-18,test_prequential,IWM,0.49229174852371216,0,1,0.5,0
2024-07-18,2024-07-19,test_prequential,SPY,0.7809177041053772,0,0,0.5,1
2024-07-18,2024-07-19,test_prequential,QQQ,0.7528944611549377,0,0,0.5,1
2024-07-18,2024-07-19,test_prequential,IWM,0.5110909342765808,0,0,0.5,1
2024-07-19,2024-07-22,test_prequential,SPY,0.7908844947814941,1,1,0.5,1
2024-07-19,2024-07-22,test_prequential,QQQ,0.7667302489280701,1,1,0.5,1
2024-07-19,2024-07-22,test_prequential,IWM,0.5075847506523132,1,1,0.5,1
2024-07-22,2024-07-23,test_prequential,SPY,0.7939308881759644,0,0,0.5,1
2024-07-22,2024-07-23,test_prequential,QQQ,0.7798938751220703,0,0,0.5,1
2024-07-22,2024-07-23,test_prequential,IWM,0.5158149600028992,1,1,0.5,1
2024-07-23,2024-07-24,test_prequential,SPY,0.7930018305778503,0,0,0.5,1
2024-07-23,2024-07-24,test_prequential,QQQ,0.7821178436279297,0,0,0.5,1
2024-07-23,2024-07-24,test_prequential,IWM,0.5128040313720703,0,0,0.5,1
2024-07-24,2024-07-25,test_prequential,SPY,0.7829367518424988,0,0,0.5,1
2024-07-24,2024-07-25,test_prequential,QQQ,0.7611765265464783,0,0,0.5,1
2024-07-24,2024-07-25,test_prequential,IWM,0.5212101340293884,1,1,0.5,1
2024-07-25,2024-07-26,test_prequential,SPY,0.7865761518478394,1,1,0.5,1
2024-07-25,2024-07-26,test_prequential,QQQ,0.7715014219284058,1,1,0.5,1
2024-07-25,2024-07-26,test_prequential,IWM,0.5361794829368591,1,1,0.5,1
2024-07-26,2024-07-29,test_prequential,SPY,0.7852669358253479,1,1,0.5,1
2024-07-26,2024-07-29,test_prequential,QQQ,0.7709607481956482,1,1,0.5,1
2024-07-26,2024-07-29,test_prequential,IWM,0.544039249420166,0,0,0.5,1
2024-07-29,2024-07-30,test_prequential,SPY,0.7713476419448853,0,0,0.5,1
2024-07-29,2024-07-30,test_prequential,QQQ,0.7553656697273254,0,0,0.5,1
2024-07-29,2024-07-30,test_prequential,IWM,0.5407916307449341,1,1,0.5,1
2024-07-30,2024-07-31,test_prequential,SPY,0.7791382670402527,1,1,0.5,1
2024-07-30,2024-07-31,test_prequential,QQQ,0.7653218507766724,1,1,0.5,1
2024-07-30,2024-07-31,test_prequential,IWM,0.5481735467910767,1,1,0.5,1
2024-07-31,2024-08-01,test_prequential,SPY,0.7615821361541748,0,0,0.5,1
2024-07-31,2024-08-01,test_prequential,QQQ,0.743445098400116,0,0,0.5,1
2024-07-31,2024-08-01,test_prequential,IWM,0.573305606842041,0,0,0.5,1
2024-08-01,2024-08-02,test_prequential,SPY,0.7445220351219177,0,0,0.5,1
2024-08-01,2024-08-02,test_prequential,QQQ,0.7224833369255066,0,0,0.5,1
2024-08-01,2024-08-02,test_prequential,IWM,0.5832445621490479,0,0,0.5,1
2024-08-02,2024-08-05,test_prequential,SPY,0.736912727355957,0,0,0.5,1
2024-08-02,2024-08-05,test_prequential,QQQ,0.7256922125816345,0,0,0.5,1
2024-08-02,2024-08-05,test_prequential,IWM,0.5886099934577942,0,0,0.5,1
2024-08-05,2024-08-06,test_prequential,SPY,0.7064350247383118,1,1,0.5,1
2024-08-05,2024-08-06,test_prequential,QQQ,0.725522518157959,1,1,0.5,1
2024-08-05,2024-08-06,test_prequential,IWM,0.6141906976699829,1,1,0.5,1
2024-08-06,2024-08-07,test_prequential,SPY,0.7511096596717834,0,0,0.5,1
2024-08-06,2024-08-07,test_prequential,QQQ,0.7378321886062622,0,0,0.5,1
2024-08-06,2024-08-07,test_prequential,IWM,0.5906788110733032,0,0,0.5,1
2024-08-07,2024-08-08,test_prequential,SPY,0.7337328791618347,1,1,0.5,1
2024-08-07,2024-08-08,test_prequential,QQQ,0.7052182555198669,1,1,0.5,1
2024-08-07,2024-08-08,test_prequential,IWM,0.590022087097168,1,1,0.5,1
2024-08-08,2024-08-09,test_prequential,SPY,0.7351946830749512,1,1,0.5,1
2024-08-08,2024-08-09,test_prequential,QQQ,0.7243616580963135,1,1,0.5,1
2024-08-08,2024-08-09,test_prequential,IWM,0.5978232622146606,0,0,0.5,1
2024-08-09,2024-08-12,test_prequential,SPY,0.7331209778785706,1,1,0.5,1
2024-08-09,2024-08-12,test_prequential,QQQ,0.7267268300056458,1,1,0.5,1
2024-08-09,2024-08-12,test_prequential,IWM,0.5894348621368408,0,0,0.5,1
2024-08-12,2024-08-13,test_prequential,SPY,0.7293418049812317,1,1,0.5,1
2024-08-12,2024-08-13,test_prequential,QQQ,0.7148400545120239,1,1,0.5,1
2024-08-12,2024-08-13,test_prequential,IWM,0.5797999501228333,1,1,0.5,1
2024-08-13,2024-08-14,test_prequential,SPY,0.7379843592643738,1,1,0.5,1
2024-08-13,2024-08-14,test_prequential,QQQ,0.731056272983551,1,1,0.5,1
2024-08-13,2024-08-14,test_prequential,IWM,0.586841881275177,0,0,0.5,1
2024-08-14,2024-08-15,test_prequential,SPY,0.7386125922203064,1,1,0.5,1
2024-08-14,2024-08-15,test_prequential,QQQ,0.7256299257278442,1,1,0.5,1
2024-08-14,2024-08-15,test_prequential,IWM,0.576064944267273,1,1,0.5,1
2024-08-15,2024-08-16,test_prequential,SPY,0.7475847601890564,1,1,0.5,1
2024-08-15,2024-08-16,test_prequential,QQQ,0.7378252148628235,1,1,0.5,1
2024-08-15,2024-08-16,test_prequential,IWM,0.5778306722640991,1,1,0.5,1
2024-08-16,2024-08-19,test_prequential,SPY,0.7504917979240417,1,1,0.5,1
2024-08-16,2024-08-19,test_prequential,QQQ,0.7445939183235168,1,1,0.5,1
2024-08-16,2024-08-19,test_prequential,IWM,0.5741409659385681,1,1,0.5,1
2024-08-19,2024-08-20,test_prequential,SPY,0.7518898248672485,0,0,0.5,1
2024-08-19,2024-08-20,test_prequential,QQQ,0.7552168369293213,0,0,0.5,1
2024-08-19,2024-08-20,test_prequential,IWM,0.582693338394165,0,0,0.5,1
2024-08-20,2024-08-21,test_prequential,SPY,0.7438087463378906,1,1,0.5,1
2024-08-20,2024-08-21,test_prequential,QQQ,0.7337421178817749,1,1,0.5,1
2024-08-20,2024-08-21,test_prequential,IWM,0.5784221887588501,1,1,0.5,1
2024-08-21,2024-08-22,test_prequential,SPY,0.7644203305244446,0,0,0.5,1
2024-08-21,2024-08-22,test_prequential,QQQ,0.7641896605491638,0,0,0.5,1
2024-08-21,2024-08-22,test_prequential,IWM,0.5840983390808105,0,0,0.5,1
2024-08-22,2024-08-23,test_prequential,SPY,0.7567045092582703,1,1,0.5,1
2024-08-22,2024-08-23,test_prequential,QQQ,0.7388491630554199,1,1,0.5,1
2024-08-22,2024-08-23,test_prequential,IWM,0.5885305404663086,1,1,0.5,1
2024-08-23,2024-08-26,test_prequential,SPY,0.772017776966095,0,0,0.5,1
2024-08-23,2024-08-26,test_prequential,QQQ,0.7683981657028198,0,0,0.5,1
2024-08-23,2024-08-26,test_prequential,IWM,0.5869157314300537,1,1,0.5,1
2024-08-26,2024-08-27,test_prequential,SPY,0.7639824151992798,1,1,0.5,1
2024-08-26,2024-08-27,test_prequential,QQQ,0.7589220404624939,1,1,0.5,1
2024-08-26,2024-08-27,test_prequential,IWM,0.5893152356147766,0,0,0.5,1
2024-08-27,2024-08-28,test_prequential,SPY,0.7518931031227112,0,0,0.5,1
2024-08-27,2024-08-28,test_prequential,QQQ,0.7547644376754761,0,0,0.5,1
2024-08-27,2024-08-28,test_prequential,IWM,0.599466860294342,0,0,0.5,1
2024-08-28,2024-08-29,test_prequential,SPY,0.7558781504631042,1,1,0.5,1
2024-08-28,2024-08-29,test_prequential,QQQ,0.7495833039283752,0,0,0.5,1
2024-08-28,2024-08-29,test_prequential,IWM,0.6015647053718567,1,1,0.5,1
2024-08-29,2024-08-30,test_prequential,SPY,0.7653837203979492,1,1,0.5,1
2024-08-29,2024-08-30,test_prequential,QQQ,0.7644816040992737,1,1,0.5,1
2024-08-29,2024-08-30,test_prequential,IWM,0.5986688733100891,1,1,0.5,1
2024-08-30,2024-09-03,test_prequential,SPY,0.7671253681182861,0,0,0.5,1
2024-08-30,2024-09-03,test_prequential,QQQ,0.7584521770477295,0,0,0.5,1
2024-08-30,2024-09-03,test_prequential,IWM,0.6094964146614075,0,0,0.5,1
2024-09-03,2024-09-04,test_prequential,SPY,0.7410374283790588,0,0,0.5,1
2024-09-03,2024-09-04,test_prequential,QQQ,0.7294752597808838,0,0,0.5,1
2024-09-03,2024-09-04,test_prequential,IWM,0.6246556639671326,0,0,0.5,1
2024-09-04,2024-09-05,test_prequential,SPY,0.7550985217094421,0,0,0.5,1
2024-09-04,2024-09-05,test_prequential,QQQ,0.7497237920761108,1,1,0.5,1
2024-09-04,2024-09-05,test_prequential,IWM,0.6116918921470642,0,0,0.5,1
2024-09-05,2024-09-06,test_prequential,SPY,0.7461910247802734,0,0,0.5,1
2024-09-05,2024-09-06,test_prequential,QQQ,0.7400762438774109,0,0,0.5,1
2024-09-05,2024-09-06,test_prequential,IWM,0.6125261187553406,0,0,0.5,1
2024-09-06,2024-09-09,test_prequential,SPY,0.7443874478340149,1,1,0.5,1
2024-09-06,2024-09-09,test_prequential,QQQ,0.7212629318237305,1,1,0.5,1
2024-09-06,2024-09-09,test_prequential,IWM,0.6124619245529175,1,1,0.5,1
2024-09-09,2024-09-10,test_prequential,SPY,0.7470158338546753,1,1,0.5,1
2024-09-09,2024-09-10,test_prequential,QQQ,0.7355164885520935,1,1,0.5,1
2024-09-09,2024-09-10,test_prequential,IWM,0.6077182292938232,0,0,0.5,1
2024-09-10,2024-09-11,test_prequential,SPY,0.7372975945472717,1,1,0.5,1
2024-09-10,2024-09-11,test_prequential,QQQ,0.7315292954444885,1,1,0.5,1
2024-09-10,2024-09-11,test_prequential,IWM,0.607288122177124,1,1,0.5,1
2024-09-11,2024-09-12,test_prequential,SPY,0.7250340580940247,1,1,0.5,1
2024-09-11,2024-09-12,test_prequential,QQQ,0.7220485210418701,1,1,0.5,1
2024-09-11,2024-09-12,test_prequential,IWM,0.6258423328399658,1,1,0.5,1
2024-09-12,2024-09-13,test_prequential,SPY,0.7486234903335571,1,1,0.5,1
2024-09-12,2024-09-13,test_prequential,QQQ,0.7454590201377869,1,1,0.5,1
2024-09-12,2024-09-13,test_prequential,IWM,0.6083502173423767,1,1,0.5,1
2024-09-13,2024-09-16,test_prequential,SPY,0.7601334452629089,1,1,0.5,1
2024-09-13,2024-09-16,test_prequential,QQQ,0.7618901133537292,0,0,0.5,1
2024-09-13,2024-09-16,test_prequential,IWM,0.5978080034255981,1,1,0.5,1
2024-09-16,2024-09-17,test_prequential,SPY,0.7586642503738403,1,1,0.5,1
2024-09-16,2024-09-17,test_prequential,QQQ,0.7557374835014343,1,1,0.5,1
2024-09-16,2024-09-17,test_prequential,IWM,0.6030615568161011,1,1,0.5,1
2024-09-17,2024-09-18,test_prequential,SPY,0.7566255927085876,0,0,0.5,1
2024-09-17,2024-09-18,test_prequential,QQQ,0.7459123730659485,0,0,0.5,1
2024-09-17,2024-09-18,test_prequential,IWM,0.6174798607826233,1,1,0.5,1
2024-09-18,2024-09-19,test_prequential,SPY,0.7534656524658203,1,1,0.5,1
2024-09-18,2024-09-19,test_prequential,QQQ,0.7371066212654114,1,1,0.5,1
2024-09-18,2024-09-19,test_prequential,IWM,0.6285663843154907,1,1,0.5,1
2024-09-19,2024-09-20,test_prequential,SPY,0.7593051791191101,0,0,0.5,1
2024-09-19,2024-09-20,test_prequential,QQQ,0.7393949031829834,0,0,0.5,1
2024-09-19,2024-09-20,test_prequential,IWM,0.6312745213508606,0,0,0.5,1
2024-09-20,2024-09-23,test_prequential,SPY,0.7465877532958984,1,1,0.5,1
2024-09-20,2024-09-23,test_prequential,QQQ,0.7276809215545654,1,1,0.5,1
2024-09-20,2024-09-23,test_prequential,IWM,0.6471408009529114,0,0,0.5,1
2024-09-23,2024-09-24,test_prequential,SPY,0.7548264265060425,1,1,0.5,1
2024-09-23,2024-09-24,test_prequential,QQQ,0.7436659336090088,1,1,0.5,1
2024-09-23,2024-09-24,test_prequential,IWM,0.6393925547599792,1,1,0.5,1
2024-09-24,2024-09-25,test_prequential,SPY,0.7547826170921326,0,0,0.5,1
2024-09-24,2024-09-25,test_prequential,QQQ,0.7457597255706787,1,1,0.5,1
2024-09-24,2024-09-25,test_prequential,IWM,0.6458427309989929,0,0,0.5,1
2024-09-25,2024-09-26,test_prequential,SPY,0.7460799217224121,1,1,0.5,1
2024-09-25,2024-09-26,test_prequential,QQQ,0.7344213724136353,1,1,0.5,1
2024-09-25,2024-09-26,test_prequential,IWM,0.6458091139793396,1,1,0.5,1
2024-09-26,2024-09-27,test_prequential,SPY,0.7623178958892822,0,0,0.5,1
2024-09-26,2024-09-27,test_prequential,QQQ,0.7512066960334778,0,0,0.5,1
2024-09-26,2024-09-27,test_prequential,IWM,0.6457198262214661,1,1,0.5,1
2024-09-27,2024-09-30,test_prequential,SPY,0.765920102596283,1,1,0.5,1
2024-09-27,2024-09-30,test_prequential,QQQ,0.7608705163002014,1,1,0.5,1
2024-09-27,2024-09-30,test_prequential,IWM,0.6484541893005371,1,1,0.5,1
2024-09-30,2024-10-01,test_prequential,SPY,0.7565301656723022,0,0,0.5,1
2024-09-30,2024-10-01,test_prequential,QQQ,0.7510741949081421,0,0,0.5,1
2024-09-30,2024-10-01,test_prequential,IWM,0.6693570613861084,0,0,0.5,1
2024-10-01,2024-10-02,test_prequential,SPY,0.7461646795272827,1,1,0.5,1
2024-10-01,2024-10-02,test_prequential,QQQ,0.7369394302368164,1,1,0.5,1
2024-10-01,2024-10-02,test_prequential,IWM,0.6790777444839478,0,0,0.5,1
2024-10-02,2024-10-03,test_prequential,SPY,0.7478481531143188,0,0,0.5,1
2024-10-02,2024-10-03,test_prequential,QQQ,0.75034099817276,0,0,0.5,1
2024-10-02,2024-10-03,test_prequential,IWM,0.671658456325531,0,0,0.5,1
2024-10-03,2024-10-04,test_prequential,SPY,0.744118332862854,1,1,0.5,1
2024-10-03,2024-10-04,test_prequential,QQQ,0.7447215914726257,1,1,0.5,1
2024-10-03,2024-10-04,test_prequential,IWM,0.6718446612358093,1,1,0.5,1
2024-10-04,2024-10-07,test_prequential,SPY,0.7589216232299805,0,0,0.5,1
2024-10-04,2024-10-07,test_prequential,QQQ,0.7588613629341125,0,0,0.5,1
2024-10-04,2024-10-07,test_prequential,IWM,0.6667471528053284,0,0,0.5,1
2024-10-07,2024-10-08,test_prequential,SPY,0.7472907900810242,1,1,0.5,1
2024-10-07,2024-10-08,test_prequential,QQQ,0.7463855743408203,1,1,0.5,1
2024-10-07,2024-10-08,test_prequential,IWM,0.673281192779541,1,1,0.5,1
2024-10-08,2024-10-09,test_prequential,SPY,0.7391592860221863,1,1,0.5,1
2024-10-08,2024-10-09,test_prequential,QQQ,0.7475392818450928,1,1,0.5,1
2024-10-08,2024-10-09,test_prequential,IWM,0.6811296343803406,1,1,0.5,1
2024-10-09,2024-10-10,test_prequential,SPY,0.7502212524414062,0,0,0.5,1
2024-10-09,2024-10-10,test_prequential,QQQ,0.7594096064567566,0,0,0.5,1
2024-10-09,2024-10-10,test_prequential,IWM,0.6775615811347961,0,0,0.5,1
2024-10-10,2024-10-11,test_prequential,SPY,0.7493610382080078,1,1,0.5,1
2024-10-10,2024-10-11,test_prequential,QQQ,0.7552984952926636,1,1,0.5,1
2024-10-10,2024-10-11,test_prequential,IWM,0.6759449243545532,1,1,0.5,1
2024-10-11,2024-10-14,test_prequential,SPY,0.7667468190193176,1,1,0.5,1
2024-10-11,2024-10-14,test_prequential,QQQ,0.7774147391319275,1,1,0.5,1
2024-10-11,2024-10-14,test_prequential,IWM,0.6707842946052551,1,1,0.5,1
2024-10-14,2024-10-15,test_prequential,SPY,0.7573221921920776,0,0,0.5,1
2024-10-14,2024-10-15,test_prequential,QQQ,0.7653847932815552,0,0,0.5,1
2024-10-14,2024-10-15,test_prequential,IWM,0.6838317513465881,1,1,0.5,1
2024-10-15,2024-10-16,test_prequential,SPY,0.7555181980133057,1,1,0.5,1
2024-10-15,2024-10-16,test_prequential,QQQ,0.7628302574157715,1,1,0.5,1
2024-10-15,2024-10-16,test_prequential,IWM,0.6942622661590576,1,1,0.5,1
2024-10-16,2024-10-17,test_prequential,SPY,0.7671704292297363,1,1,0.5,1
2024-10-16,2024-10-17,test_prequential,QQQ,0.7815428972244263,1,1,0.5,1
2024-10-16,2024-10-17,test_prequential,IWM,0.6853498220443726,0,0,0.5,1
2024-10-17,2024-10-18,test_prequential,SPY,0.7543113827705383,1,1,0.5,1
2024-10-17,2024-10-18,test_prequential,QQQ,0.7603384256362915,1,1,0.5,1
2024-10-17,2024-10-18,test_prequential,IWM,0.7000696063041687,0,0,0.5,1
2024-10-18,2024-10-21,test_prequential,SPY,0.7619113326072693,0,0,0.5,1
2024-10-18,2024-10-21,test_prequential,QQQ,0.7717983722686768,1,1,0.5,1
2024-10-18,2024-10-21,test_prequential,IWM,0.693581759929657,0,0,0.5,1
2024-10-21,2024-10-22,test_prequential,SPY,0.7438520193099976,0,0,0.5,1
2024-10-21,2024-10-22,test_prequential,QQQ,0.7574706673622131,1,1,0.5,1
2024-10-21,2024-10-22,test_prequential,IWM,0.7033941745758057,0,0,0.5,1
2024-10-22,2024-10-23,test_prequential,SPY,0.7525142431259155,0,0,0.5,1
2024-10-22,2024-10-23,test_prequential,QQQ,0.7740269303321838,0,0,0.5,1
2024-10-22,2024-10-23,test_prequential,IWM,0.6951808333396912,0,0,0.5,1
2024-10-23,2024-10-24,test_prequential,SPY,0.7564294934272766,1,1,0.5,1
2024-10-23,2024-10-24,test_prequential,QQQ,0.7713520526885986,1,1,0.5,1
2024-10-23,2024-10-24,test_prequential,IWM,0.6933982372283936,1,1,0.5,1
2024-10-24,2024-10-25,test_prequential,SPY,0.7564679980278015,0,0,0.5,1
2024-10-24,2024-10-25,test_prequential,QQQ,0.7829100489616394,1,1,0.5,1
2024-10-24,2024-10-25,test_prequential,IWM,0.6867783069610596,0,0,0.5,1
2024-10-25,2024-10-28,test_prequential,SPY,0.7496426105499268,1,1,0.5,1
2024-10-25,2024-10-28,test_prequential,QQQ,0.7740053534507751,1,1,0.5,1
2024-10-25,2024-10-28,test_prequential,IWM,0.6871085166931152,1,1,0.5,1
2024-10-28,2024-10-29,test_prequential,SPY,0.7664861083030701,1,1,0.5,1
2024-10-28,2024-10-29,test_prequential,QQQ,0.797663688659668,1,1,0.5,1
2024-10-28,2024-10-29,test_prequential,IWM,0.6713571548461914,0,0,0.5,1
2024-10-29,2024-10-30,test_prequential,SPY,0.7444917559623718,0,0,0.5,1
2024-10-29,2024-10-30,test_prequential,QQQ,0.7834399938583374,0,0,0.5,1
2024-10-29,2024-10-30,test_prequential,IWM,0.6829200983047485,0,0,0.5,1
2024-10-30,2024-10-31,test_prequential,SPY,0.7595453262329102,0,0,0.5,1
2024-10-30,2024-10-31,test_prequential,QQQ,0.7936877608299255,0,0,0.5,1
2024-10-30,2024-10-31,test_prequential,IWM,0.6715095639228821,0,0,0.5,1
2024-10-31,2024-11-01,test_prequential,SPY,0.7508661150932312,1,1,0.5,1
2024-10-31,2024-11-01,test_prequential,QQQ,0.7876477837562561,1,1,0.5,1
2024-10-31,2024-11-01,test_prequential,IWM,0.6714087724685669,1,1,0.5,1
2024-11-01,2024-11-04,test_prequential,SPY,0.7539907693862915,0,0,0.5,1
2024-11-01,2024-11-04,test_prequential,QQQ,0.794259250164032,0,0,0.5,1
2024-11-01,2024-11-04,test_prequential,IWM,0.6629306674003601,1,1,0.5,1
2024-11-04,2024-11-05,test_prequential,SPY,0.7549524307250977,1,1,0.5,1
2024-11-04,2024-11-05,test_prequential,QQQ,0.8003309965133667,1,1,0.5,1
2024-11-04,2024-11-05,test_prequential,IWM,0.6578141450881958,1,1,0.5,1
2024-11-05,2024-11-06,test_prequential,SPY,0.755979597568512,1,1,0.5,1
2024-11-05,2024-11-06,test_prequential,QQQ,0.8007915019989014,1,1,0.5,1
2024-11-05,2024-11-06,test_prequential,IWM,0.6560624241828918,1,1,0.5,1
2024-11-06,2024-11-07,test_prequential,SPY,0.7511149048805237,1,1,0.5,1
2024-11-06,2024-11-07,test_prequential,QQQ,0.7849698662757874,1,1,0.5,1
2024-11-06,2024-11-07,test_prequential,IWM,0.6620007157325745,0,0,0.5,1
2024-11-07,2024-11-08,test_prequential,SPY,0.7383500933647156,1,1,0.5,1
2024-11-07,2024-11-08,test_prequential,QQQ,0.7884323596954346,1,1,0.5,1
2024-11-07,2024-11-08,test_prequential,IWM,0.6671605110168457,1,1,0.5,1
2024-11-08,2024-11-11,test_prequential,SPY,0.7545833587646484,1,1,0.5,1
2024-11-08,2024-11-11,test_prequential,QQQ,0.8026340007781982,0,0,0.5,1
2024-11-08,2024-11-11,test_prequential,IWM,0.6668595671653748,1,1,0.5,1
2024-11-11,2024-11-12,test_prequential,SPY,0.7614465951919556,0,0,0.5,1
2024-11-11,2024-11-12,test_prequential,QQQ,0.8085142970085144,0,0,0.5,1
2024-11-11,2024-11-12,test_prequential,IWM,0.6595814824104309,0,0,0.5,1
2024-11-12,2024-11-13,test_prequential,SPY,0.7426806092262268,1,1,0.5,1
2024-11-12,2024-11-13,test_prequential,QQQ,0.7870553731918335,0,0,0.5,1
2024-11-12,2024-11-13,test_prequential,IWM,0.6738560199737549,0,0,0.5,1
2024-11-13,2024-11-14,test_prequential,SPY,0.7512370944023132,0,0,0.5,1
2024-11-13,2024-11-14,test_prequential,QQQ,0.7916126251220703,0,0,0.5,1
2024-11-13,2024-11-14,test_prequential,IWM,0.6687343716621399,0,0,0.5,1
2024-11-14,2024-11-15,test_prequential,SPY,0.7489644885063171,0,0,0.5,1
2024-11-14,2024-11-15,test_prequential,QQQ,0.7872639894485474,0,0,0.5,1
2024-11-14,2024-11-15,test_prequential,IWM,0.6645256876945496,0,0,0.5,1
2024-11-15,2024-11-18,test_prequential,SPY,0.7550995945930481,1,1,0.5,1
2024-11-15,2024-11-18,test_prequential,QQQ,0.7847549915313721,1,1,0.5,1
2024-11-15,2024-11-18,test_prequential,IWM,0.6645652651786804,1,1,0.5,1
2024-11-18,2024-11-19,test_prequential,SPY,0.7524507641792297,1,1,0.5,1
2024-11-18,2024-11-19,test_prequential,QQQ,0.78849858045578,1,1,0.5,1
2024-11-18,2024-11-19,test_prequential,IWM,0.6555753350257874,1,1,0.5,1
2024-11-19,2024-11-20,test_prequential,SPY,0.7545908093452454,1,1,0.5,1
2024-11-19,2024-11-20,test_prequential,QQQ,0.7887074947357178,0,0,0.5,1
2024-11-19,2024-11-20,test_prequential,IWM,0.6596162915229797,1,1,0.5,1
2024-11-20,2024-11-21,test_prequential,SPY,0.7579230070114136,1,1,0.5,1
2024-11-20,2024-11-21,test_prequential,QQQ,0.7816789746284485,1,1,0.5,1
2024-11-20,2024-11-21,test_prequential,IWM,0.6600276231765747,1,1,0.5,1
2024-11-21,2024-11-22,test_prequential,SPY,0.7650136947631836,1,1,0.5,1
2024-11-21,2024-11-22,test_prequential,QQQ,0.7851163148880005,1,1,0.5,1
2024-11-21,2024-11-22,test_prequential,IWM,0.659269392490387,1,1,0.5,1
2024-11-22,2024-11-25,test_prequential,SPY,0.7704330682754517,1,1,0.5,1
2024-11-22,2024-11-25,test_prequential,QQQ,0.7926986813545227,1,1,0.5,1
2024-11-22,2024-11-25,test_prequential,IWM,0.6570064425468445,1,1,0.5,1
2024-11-25,2024-11-26,test_prequential,SPY,0.7728005051612854,1,1,0.5,1
2024-11-25,2024-11-26,test_prequential,QQQ,0.787612795829773,1,1,0.5,1
2024-11-25,2024-11-26,test_prequential,IWM,0.6674396395683289,0,0,0.5,1
2024-11-26,2024-11-27,test_prequential,SPY,0.763714075088501,0,0,0.5,1
2024-11-26,2024-11-27,test_prequential,QQQ,0.7706146240234375,0,0,0.5,1
2024-11-26,2024-11-27,test_prequential,IWM,0.6772990822792053,1,1,0.5,1
2024-11-27,2024-11-29,test_prequential,SPY,0.775253415107727,1,1,0.5,1
2024-11-27,2024-11-29,test_prequential,QQQ,0.7874583005905151,1,1,0.5,1
2024-11-27,2024-11-29,test_prequential,IWM,0.6704795956611633,1,1,0.5,1
2024-11-29,2024-12-02,test_prequential,SPY,0.7719345092773438,1,1,0.5,1
2024-11-29,2024-12-02,test_prequential,QQQ,0.7886185646057129,1,1,0.5,1
2024-11-29,2024-12-02,test_prequential,IWM,0.6776819825172424,0,0,0.5,1
2024-12-02,2024-12-03,test_prequential,SPY,0.762722373008728,1,1,0.5,1
2024-12-02,2024-12-03,test_prequential,QQQ,0.7779815196990967,1,1,0.5,1
2024-12-02,2024-12-03,test_prequential,IWM,0.6855478882789612,0,0,0.5,1
2024-12-03,2024-12-04,test_prequential,SPY,0.7673672437667847,1,1,0.5,1
2024-12-03,2024-12-04,test_prequential,QQQ,0.7789759635925293,1,1,0.5,1
2024-12-03,2024-12-04,test_prequential,IWM,0.6848728060722351,1,1,0.5,1
2024-12-04,2024-12-05,test_prequential,SPY,0.7787532210350037,0,0,0.5,1
2024-12-04,2024-12-05,test_prequential,QQQ,0.7832621932029724,0,0,0.5,1
2024-12-04,2024-12-05,test_prequential,IWM,0.6852738261222839,0,0,0.5,1
2024-12-05,2024-12-06,test_prequential,SPY,0.7798747420310974,1,1,0.5,1
2024-12-05,2024-12-06,test_prequential,QQQ,0.7819728851318359,1,1,0.5,1
2024-12-05,2024-12-06,test_prequential,IWM,0.6827132105827332,1,1,0.5,1
2024-12-06,2024-12-09,test_prequential,SPY,0.7802327871322632,0,0,0.5,1
2024-12-06,2024-12-09,test_prequential,QQQ,0.7884771227836609,0,0,0.5,1
2024-12-06,2024-12-09,test_prequential,IWM,0.6845324039459229,0,0,0.5,1
2024-12-09,2024-12-10,test_prequential,SPY,0.7889736890792847,0,0,0.5,1
2024-12-09,2024-12-10,test_prequential,QQQ,0.787887454032898,0,0,0.5,1
2024-12-09,2024-12-10,test_prequential,IWM,0.6823211908340454,0,0,0.5,1
2024-12-10,2024-12-11,test_prequential,SPY,0.7869071364402771,1,1,0.5,1
2024-12-10,2024-12-11,test_prequential,QQQ,0.783840537071228,1,1,0.5,1
2024-12-10,2024-12-11,test_prequential,IWM,0.685623824596405,1,1,0.5,1
2024-12-11,2024-12-12,test_prequential,SPY,0.7788074016571045,0,0,0.5,1
2024-12-11,2024-12-12,test_prequential,QQQ,0.7825635075569153,0,0,0.5,1
2024-12-11,2024-12-12,test_prequential,IWM,0.6859683990478516,0,0,0.5,1
2024-12-12,2024-12-13,test_prequential,SPY,0.7839967012405396,0,0,0.5,1
2024-12-12,2024-12-13,test_prequential,QQQ,0.7786923050880432,1,1,0.5,1
2024-12-12,2024-12-13,test_prequential,IWM,0.6852850317955017,0,0,0.5,1
2024-12-13,2024-12-16,test_prequential,SPY,0.7791627049446106,1,1,0.5,1
2024-12-13,2024-12-16,test_prequential,QQQ,0.7748619914054871,1,1,0.5,1
2024-12-13,2024-12-16,test_prequential,IWM,0.686592698097229,1,1,0.5,1
2024-12-16,2024-12-17,test_prequential,SPY,0.7786888480186462,0,0,0.5,1
2024-12-16,2024-12-17,test_prequential,QQQ,0.7800511717796326,0,0,0.5,1
2024-12-16,2024-12-17,test_prequential,IWM,0.6868765950202942,0,0,0.5,1
2024-12-17,2024-12-18,test_prequential,SPY,0.7851978540420532,0,0,0.5,1
2024-12-17,2024-12-18,test_prequential,QQQ,0.7766715288162231,0,0,0.5,1
2024-12-17,2024-12-18,test_prequential,IWM,0.682898759841919,0,0,0.5,1
2024-12-18,2024-12-19,test_prequential,SPY,0.7548871040344238,0,0,0.5,1
2024-12-18,2024-12-19,test_prequential,QQQ,0.7489795088768005,0,0,0.5,1
2024-12-18,2024-12-19,test_prequential,IWM,0.7115532755851746,0,0,0.5,1
2024-12-19,2024-12-20,test_prequential,SPY,0.8001296520233154,1,1,0.5,1
2024-12-19,2024-12-20,test_prequential,QQQ,0.7523468136787415,1,1,0.5,1
2024-12-19,2024-12-20,test_prequential,IWM,0.7566821575164795,1,1,0.5,1
2024-12-20,2024-12-23,test_prequential,SPY,0.782985270023346,1,1,0.5,1
2024-12-20,2024-12-23,test_prequential,QQQ,0.7941390872001648,1,1,0.5,1
2024-12-20,2024-12-23,test_prequential,IWM,0.69649338722229,0,0,0.5,1
2024-12-23,2024-12-24,test_prequential,SPY,0.7771856784820557,1,1,0.5,1
2024-12-23,2024-12-24,test_prequential,QQQ,0.8109208345413208,1,1,0.5,1
2024-12-23,2024-12-24,test_prequential,IWM,0.6712723970413208,1,1,0.5,1
2024-12-24,2024-12-26,test_prequential,SPY,0.7878251075744629,1,1,0.5,1
2024-12-24,2024-12-26,test_prequential,QQQ,0.8068405389785767,0,0,0.5,1
2024-12-24,2024-12-26,test_prequential,IWM,0.7036194205284119,1,1,0.5,1
2024-12-26,2024-12-27,test_prequential,SPY,0.7971951365470886,0,0,0.5,1
2024-12-26,2024-12-27,test_prequential,QQQ,0.8300159573554993,0,0,0.5,1
2024-12-26,2024-12-27,test_prequential,IWM,0.6806889772415161,0,0,0.5,1
2024-12-27,2024-12-30,test_prequential,SPY,0.77914959192276,0,0,0.5,1
2024-12-27,2024-12-30,test_prequential,QQQ,0.760718584060669,0,0,0.5,1
2024-12-27,2024-12-30,test_prequential,IWM,0.7141663432121277,0,0,0.5,1
2024-12-30,2024-12-31,test_prequential,SPY,0.7946593165397644,0,0,0.5,1
2024-12-30,2024-12-31,test_prequential,QQQ,0.8037007451057434,0,0,0.5,1
2024-12-30,2024-12-31,test_prequential,IWM,0.7121623158454895,1,1,0.5,1
2024-12-31,2025-01-02,test_prequential,SPY,0.795476496219635,0,0,0.5,1
2024-12-31,2025-01-02,test_prequential,QQQ,0.7595341205596924,0,0,0.5,1
2024-12-31,2025-01-02,test_prequential,IWM,0.672487735748291,1,1,0.5,1
2025-01-02,2025-01-03,test_prequential,SPY,0.7826889157295227,1,1,0.5,1
2025-01-02,2025-01-03,test_prequential,QQQ,0.7982021570205688,1,1,0.5,1
2025-01-02,2025-01-03,test_prequential,IWM,0.6994847655296326,1,1,0.5,1
2025-01-03,2025-01-06,test_prequential,SPY,0.7590677738189697,1,1,0.5,1
2025-01-03,2025-01-06,test_prequential,QQQ,0.8168627023696899,1,1,0.5,1
2025-01-03,2025-01-06,test_prequential,IWM,0.687022864818573,1,1,0.5,1
2025-01-06,2025-01-07,test_prequential,SPY,0.7738518714904785,0,0,0.5,1
2025-01-06,2025-01-07,test_prequential,QQQ,0.7715194821357727,0,0,0.5,1
2025-01-06,2025-01-07,test_prequential,IWM,0.7146427631378174,0,0,0.5,1
2025-01-07,2025-01-08,test_prequential,SPY,0.7639948725700378,1,1,0.5,1
2025-01-07,2025-01-08,test_prequential,QQQ,0.7542009353637695,1,1,0.5,1
2025-01-07,2025-01-08,test_prequential,IWM,0.7049909234046936,0,0,0.5,1
2025-01-08,2025-01-10,test_prequential,SPY,0.7232910394668579,0,0,0.5,1
2025-01-08,2025-01-10,test_prequential,QQQ,0.7637038826942444,0,0,0.5,1
2025-01-08,2025-01-10,test_prequential,IWM,0.6528392434120178,0,0,0.5,1
2025-01-10,2025-01-13,test_prequential,SPY,0.7220515012741089,1,1,0.5,1
2025-01-10,2025-01-13,test_prequential,QQQ,0.7285985946655273,0,0,0.5,1
2025-01-10,2025-01-13,test_prequential,IWM,0.721689760684967,1,1,0.5,1
2025-01-13,2025-01-14,test_prequential,SPY,0.7567638754844666,1,1,0.5,1
2025-01-13,2025-01-14,test_prequential,QQQ,0.7504698634147644,0,0,0.5,1
2025-01-13,2025-01-14,test_prequential,IWM,0.7218064665794373,1,1,0.5,1
2025-01-14,2025-01-15,test_prequential,SPY,0.7783328294754028,1,1,0.5,1
2025-01-14,2025-01-15,test_prequential,QQQ,0.7590858936309814,1,1,0.5,1
2025-01-14,2025-01-15,test_prequential,IWM,0.702775776386261,1,1,0.5,1
2025-01-15,2025-01-16,test_prequential,SPY,0.7504611611366272,0,0,0.5,1
2025-01-15,2025-01-16,test_prequential,QQQ,0.7418177723884583,0,0,0.5,1
2025-01-15,2025-01-16,test_prequential,IWM,0.7108810544013977,1,1,0.5,1
2025-01-16,2025-01-17,test_prequential,SPY,0.7467376589775085,1,1,0.5,1
2025-01-16,2025-01-17,test_prequential,QQQ,0.7457126975059509,1,1,0.5,1
2025-01-16,2025-01-17,test_prequential,IWM,0.6967535018920898,1,1,0.5,1
2025-01-17,2025-01-21,test_prequential,SPY,0.7415271401405334,1,1,0.5,1
2025-01-17,2025-01-21,test_prequential,QQQ,0.7203069925308228,1,1,0.5,1
2025-01-17,2025-01-21,test_prequential,IWM,0.7225579619407654,1,1,0.5,1
2025-01-21,2025-01-22,test_prequential,SPY,0.7455310225486755,1,1,0.5,1
2025-01-21,2025-01-22,test_prequential,QQQ,0.7441365718841553,1,1,0.5,1
2025-01-21,2025-01-22,test_prequential,IWM,0.7028154134750366,0,0,0.5,1
2025-01-22,2025-01-23,test_prequential,SPY,0.7293116450309753,1,1,0.5,1
2025-01-22,2025-01-23,test_prequential,QQQ,0.6934762597084045,1,1,0.5,1
2025-01-22,2025-01-23,test_prequential,IWM,0.7113768458366394,1,1,0.5,1
2025-01-23,2025-01-24,test_prequential,SPY,0.7617000937461853,0,0,0.5,1
2025-01-23,2025-01-24,test_prequential,QQQ,0.732559323310852,0,0,0.5,1
2025-01-23,2025-01-24,test_prequential,IWM,0.7193304300308228,0,0,0.5,1
2025-01-24,2025-01-27,test_prequential,SPY,0.7650778889656067,0,0,0.5,1
2025-01-24,2025-01-27,test_prequential,QQQ,0.7371503710746765,0,0,0.5,1
2025-01-24,2025-01-27,test_prequential,IWM,0.7049401998519897,0,0,0.5,1
2025-01-27,2025-01-28,test_prequential,SPY,0.7564654350280762,1,1,0.5,1
2025-01-27,2025-01-28,test_prequential,QQQ,0.7274510860443115,1,1,0.5,1
2025-01-27,2025-01-28,test_prequential,IWM,0.7251176834106445,1,1,0.5,1
2025-01-28,2025-01-29,test_prequential,SPY,0.7400888204574585,0,0,0.5,1
2025-01-28,2025-01-29,test_prequential,QQQ,0.7219682931900024,0,0,0.5,1
2025-01-28,2025-01-29,test_prequential,IWM,0.7460693120956421,0,0,0.5,1
2025-01-29,2025-01-30,test_prequential,SPY,0.7342600226402283,1,1,0.5,1
2025-01-29,2025-01-30,test_prequential,QQQ,0.7067406177520752,1,1,0.5,1
2025-01-29,2025-01-30,test_prequential,IWM,0.722639799118042,1,1,0.5,1
2025-01-30,2025-01-31,test_prequential,SPY,0.7720863223075867,0,0,0.5,1
2025-01-30,2025-01-31,test_prequential,QQQ,0.7392281293869019,0,0,0.5,1
2025-01-30,2025-01-31,test_prequential,IWM,0.7139323949813843,0,0,0.5,1
2025-01-31,2025-02-03,test_prequential,SPY,0.7594699263572693,0,0,0.5,1
2025-01-31,2025-02-03,test_prequential,QQQ,0.6937578320503235,0,0,0.5,1
2025-01-31,2025-02-03,test_prequential,IWM,0.7156141400337219,0,0,0.5,1
2025-02-03,2025-02-04,test_prequential,SPY,0.7300782203674316,1,1,0.5,1
2025-02-03,2025-02-04,test_prequential,QQQ,0.6840634346008301,1,1,0.5,1
2025-02-03,2025-02-04,test_prequential,IWM,0.7303158640861511,1,1,0.5,1
2025-02-04,2025-02-05,test_prequential,SPY,0.727623462677002,1,1,0.5,1
2025-02-04,2025-02-05,test_prequential,QQQ,0.7066090106964111,1,1,0.5,1
2025-02-04,2025-02-05,test_prequential,IWM,0.7067552208900452,1,1,0.5,1
2025-02-05,2025-02-06,test_prequential,SPY,0.7539482712745667,1,1,0.5,1
2025-02-05,2025-02-06,test_prequential,QQQ,0.6879782676696777,1,1,0.5,1
2025-02-05,2025-02-06,test_prequential,IWM,0.7059088945388794,0,0,0.5,1
2025-02-06,2025-02-07,test_prequential,SPY,0.737358033657074,0,0,0.5,1
2025-02-06,2025-02-07,test_prequential,QQQ,0.6955490708351135,0,0,0.5,1
2025-02-06,2025-02-07,test_prequential,IWM,0.7108238339424133,0,0,0.5,1
2025-02-07,2025-02-10,test_prequential,SPY,0.7552134990692139,1,1,0.5,1
2025-02-07,2025-02-10,test_prequential,QQQ,0.700247049331665,1,1,0.5,1
2025-02-07,2025-02-10,test_prequential,IWM,0.7163339257240295,1,1,0.5,1
2025-02-10,2025-02-11,test_prequential,SPY,0.759175181388855,1,1,0.5,1
2025-02-10,2025-02-11,test_prequential,QQQ,0.722960889339447,0,0,0.5,1
2025-02-10,2025-02-11,test_prequential,IWM,0.6912053227424622,0,0,0.5,1
2025-02-11,2025-02-12,test_prequential,SPY,0.751059353351593,0,0,0.5,1
2025-02-11,2025-02-12,test_prequential,QQQ,0.6781495809555054,1,1,0.5,1
2025-02-11,2025-02-12,test_prequential,IWM,0.6974918842315674,0,0,0.5,1
2025-02-12,2025-02-13,test_prequential,SPY,0.7382867336273193,1,1,0.5,1
2025-02-12,2025-02-13,test_prequential,QQQ,0.6862843036651611,1,1,0.5,1
2025-02-12,2025-02-13,test_prequential,IWM,0.6975157260894775,1,1,0.5,1
2025-02-13,2025-02-14,test_prequential,SPY,0.7576059103012085,0,0,0.5,1
2025-02-13,2025-02-14,test_prequential,QQQ,0.717383086681366,1,1,0.5,1
2025-02-13,2025-02-14,test_prequential,IWM,0.708324134349823,0,0,0.5,1
2025-02-14,2025-02-18,test_prequential,SPY,0.7556265592575073,1,1,0.5,1
2025-02-14,2025-02-18,test_prequential,QQQ,0.7029805779457092,1,1,0.5,1
2025-02-14,2025-02-18,test_prequential,IWM,0.6912406086921692,1,1,0.5,1
2025-02-18,2025-02-19,test_prequential,SPY,0.7670987248420715,1,1,0.5,1
2025-02-18,2025-02-19,test_prequential,QQQ,0.7140987515449524,1,1,0.5,1
2025-02-18,2025-02-19,test_prequential,IWM,0.6790260672569275,0,0,0.5,1
2025-02-19,2025-02-20,test_prequential,SPY,0.7433286905288696,0,0,0.5,1
2025-02-19,2025-02-20,test_prequential,QQQ,0.7041980028152466,0,0,0.5,1
2025-02-19,2025-02-20,test_prequential,IWM,0.6606016755104065,0,0,0.5,1
2025-02-20,2025-02-21,test_prequential,SPY,0.7725526094436646,0,0,0.5,1
2025-02-20,2025-02-21,test_prequential,QQQ,0.7216383218765259,0,0,0.5,1
2025-02-20,2025-02-21,test_prequential,IWM,0.6803354620933533,0,0,0.5,1
2025-02-21,2025-02-24,test_prequential,SPY,0.7578417658805847,0,0,0.5,1
2025-02-21,2025-02-24,test_prequential,QQQ,0.7031956315040588,0,0,0.5,1
2025-02-21,2025-02-24,test_prequential,IWM,0.6924424767494202,0,0,0.5,1
2025-02-24,2025-02-25,test_prequential,SPY,0.7678626179695129,0,0,0.5,1
2025-02-24,2025-02-25,test_prequential,QQQ,0.7144253253936768,0,0,0.5,1
2025-02-24,2025-02-25,test_prequential,IWM,0.6712849736213684,0,0,0.5,1
2025-02-25,2025-02-26,test_prequential,SPY,0.7555326223373413,1,1,0.5,1
2025-02-25,2025-02-26,test_prequential,QQQ,0.7080901861190796,1,1,0.5,1
2025-02-25,2025-02-26,test_prequential,IWM,0.661618709564209,1,1,0.5,1
2025-02-26,2025-02-27,test_prequential,SPY,0.7673804759979248,0,0,0.5,1
2025-02-26,2025-02-27,test_prequential,QQQ,0.7157849073410034,0,0,0.5,1
2025-02-26,2025-02-27,test_prequential,IWM,0.6518860459327698,0,0,0.5,1
2025-02-27,2025-02-28,test_prequential,SPY,0.7481200695037842,1,1,0.5,1
2025-02-27,2025-02-28,test_prequential,QQQ,0.7110841870307922,1,1,0.5,1
2025-02-27,2025-02-28,test_prequential,IWM,0.6434705853462219,1,1,0.5,1
2025-02-28,2025-03-03,test_prequential,SPY,0.7533087134361267,0,0,0.5,1
2025-02-28,2025-03-03,test_prequential,QQQ,0.710922360420227,0,0,0.5,1
2025-02-28,2025-03-03,test_prequential,IWM,0.6503438949584961,0,0,0.5,1
2025-03-03,2025-03-04,test_prequential,SPY,0.7368496656417847,0,0,0.5,1
2025-03-03,2025-03-04,test_prequential,QQQ,0.6787846088409424,0,0,0.5,1
2025-03-03,2025-03-04,test_prequential,IWM,0.6893526911735535,0,0,0.5,1
2025-03-04,2025-03-05,test_prequential,SPY,0.7262561917304993,1,1,0.5,1
2025-03-04,2025-03-05,test_prequential,QQQ,0.6974692344665527,1,1,0.5,1
2025-03-04,2025-03-05,test_prequential,IWM,0.660320520401001,1,1,0.5,1
2025-03-05,2025-03-06,test_prequential,SPY,0.7286020517349243,0,0,0.5,1
2025-03-05,2025-03-06,test_prequential,QQQ,0.6912611722946167,0,0,0.5,1
2025-03-05,2025-03-06,test_prequential,IWM,0.6391268372535706,0,0,0.5,1
2025-03-06,2025-03-07,test_prequential,SPY,0.7104433178901672,1,1,0.5,1
2025-03-06,2025-03-07,test_prequential,QQQ,0.6926025152206421,1,1,0.5,1
2025-03-06,2025-03-07,test_prequential,IWM,0.6734680533409119,1,1,0.5,1
2025-03-07,2025-03-10,test_prequential,SPY,0.7389704585075378,0,0,0.5,1
2025-03-07,2025-03-10,test_prequential,QQQ,0.7008020281791687,0,0,0.5,1
2025-03-07,2025-03-10,test_prequential,IWM,0.6495068669319153,0,0,0.5,1
2025-03-10,2025-03-11,test_prequential,SPY,0.7219583988189697,0,0,0.5,1
2025-03-10,2025-03-11,test_prequential,QQQ,0.6729881167411804,0,0,0.5,1
2025-03-10,2025-03-11,test_prequential,IWM,0.6656700968742371,0,0,0.5,1
2025-03-11,2025-03-12,test_prequential,SPY,0.709130048751831,1,1,0.5,1
2025-03-11,2025-03-12,test_prequential,QQQ,0.6741036772727966,1,1,0.5,1
2025-03-11,2025-03-12,test_prequential,IWM,0.6519887447357178,1,1,0.5,1
2025-03-12,2025-03-13,test_prequential,SPY,0.728545069694519,0,0,0.5,1
2025-03-12,2025-03-13,test_prequential,QQQ,0.6629915237426758,0,0,0.5,1
2025-03-12,2025-03-13,test_prequential,IWM,0.6495627760887146,0,0,0.5,1
2025-03-13,2025-03-14,test_prequential,SPY,0.6925525665283203,1,1,0.5,1
2025-03-13,2025-03-14,test_prequential,QQQ,0.6484454274177551,1,1,0.5,1
2025-03-13,2025-03-14,test_prequential,IWM,0.6319484114646912,1,1,0.5,1
2025-03-14,2025-03-17,test_prequential,SPY,0.7270114421844482,1,1,0.5,1
2025-03-14,2025-03-17,test_prequential,QQQ,0.6732078194618225,1,1,0.5,1
2025-03-14,2025-03-17,test_prequential,IWM,0.6309801936149597,1,1,0.5,1
2025-03-17,2025-03-18,test_prequential,SPY,0.7327514886856079,0,0,0.5,1
2025-03-17,2025-03-18,test_prequential,QQQ,0.6936236023902893,0,0,0.5,1
2025-03-17,2025-03-18,test_prequential,IWM,0.6262606978416443,0,0,0.5,1
2025-03-18,2025-03-19,test_prequential,SPY,0.7104927897453308,1,1,0.5,1
2025-03-18,2025-03-19,test_prequential,QQQ,0.6556300520896912,1,1,0.5,1
2025-03-18,2025-03-19,test_prequential,IWM,0.624347448348999,1,1,0.5,1
2025-03-19,2025-03-20,test_prequential,SPY,0.7136502861976624,0,0,0.5,1
2025-03-19,2025-03-20,test_prequential,QQQ,0.687754213809967,0,0,0.5,1
2025-03-19,2025-03-20,test_prequential,IWM,0.6382686495780945,0,0,0.5,1
2025-03-20,2025-03-21,test_prequential,SPY,0.6948680877685547,1,1,0.5,1
2025-03-20,2025-03-21,test_prequential,QQQ,0.6545405983924866,1,1,0.5,1
2025-03-20,2025-03-21,test_prequential,IWM,0.6490551233291626,0,0,0.5,1
2025-03-21,2025-03-24,test_prequential,SPY,0.7034826278686523,1,1,0.5,1
2025-03-21,2025-03-24,test_prequential,QQQ,0.6550252437591553,1,1,0.5,1
2025-03-21,2025-03-24,test_prequential,IWM,0.6516693234443665,1,1,0.5,1
2025-03-24,2025-03-25,test_prequential,SPY,0.7341824769973755,1,1,0.5,1
2025-03-24,2025-03-25,test_prequential,QQQ,0.6900743246078491,1,1,0.5,1
2025-03-24,2025-03-25,test_prequential,IWM,0.6279529333114624,0,0,0.5,1
2025-03-25,2025-03-26,test_prequential,SPY,0.6944288015365601,0,0,0.5,1
2025-03-25,2025-03-26,test_prequential,QQQ,0.6410060524940491,0,0,0.5,1
2025-03-25,2025-03-26,test_prequential,IWM,0.6150907874107361,0,0,0.5,1
2025-03-26,2025-03-27,test_prequential,SPY,0.7060831189155579,0,0,0.5,1
2025-03-26,2025-03-27,test_prequential,QQQ,0.6580435037612915,0,0,0.5,1
2025-03-26,2025-03-27,test_prequential,IWM,0.6066173315048218,0,0,0.5,1
2025-03-27,2025-03-28,test_prequential,SPY,0.7048747539520264,0,0,0.5,1
2025-03-27,2025-03-28,test_prequential,QQQ,0.6618000268936157,0,0,0.5,1
2025-03-27,2025-03-28,test_prequential,IWM,0.6084491610527039,0,0,0.5,1
