previous_session_date,issue_date,target_date,last_observed_return,actual_return,predicted_direction,actual_direction,correct
2023-12-29,2024-01-02,2024-01-03,-0.0056216646940035146,-0.008205759326629657,DOWN,DOWN,True
2024-01-02,2024-01-03,2024-01-04,-0.008205759326629657,-0.003221680707016469,DOWN,DOWN,True
2024-01-03,2024-01-04,2024-01-05,-0.003221680707016469,0.0013693791343874799,DOWN,UP,False
2024-01-04,2024-01-05,2024-01-08,0.0013693791343874799,0.014179350218027386,UP,UP,True
2024-01-05,2024-01-08,2024-01-09,0.014179350218027386,-0.001524423736490353,UP,DOWN,False
2024-01-08,2024-01-09,2024-01-10,-0.001524423736490353,0.005650469243462726,DOWN,UP,False
2024-01-09,2024-01-10,2024-01-11,0.005650469243462726,-0.00045520067548765784,UP,DOWN,False
2024-01-10,2024-01-11,2024-01-12,-0.00045520067548765784,0.0006935564551186779,DOWN,UP,False
2024-01-11,2024-01-12,2024-01-16,0.0006935564551186779,-0.0036682951023055688,UP,DOWN,False
2024-01-12,2024-01-16,2024-01-17,-0.0036682951023055688,-0.0055824646698454695,DOWN,DOWN,True
2024-01-16,2024-01-17,2024-01-18,-0.0055824646698454695,0.008860693455932335,DOWN,UP,False
2024-01-17,2024-01-18,2024-01-19,0.008860693455932335,0.012385859855340246,UP,UP,True
2024-01-18,2024-01-19,2024-01-22,0.012385859855340246,0.00211712705919113,UP,UP,True
2024-01-19,2024-01-22,2024-01-23,0.00211712705919113,0.0029010878087168024,UP,UP,True
2024-01-22,2024-01-23,2024-01-24,0.0029010878087168024,0.0011070190388192125,UP,UP,True
2024-01-23,2024-01-24,2024-01-25,0.0011070190388192125,0.005410981553319921,UP,UP,True
2024-01-24,2024-01-25,2024-01-26,0.005410981553319921,-0.0012705405741015438,UP,DOWN,False
2024-01-25,2024-01-26,2024-01-29,-0.0012705405741015438,0.00789350038855952,DOWN,UP,False
2024-01-26,2024-01-29,2024-01-30,0.00789350038855952,-0.0007781365075752256,UP,DOWN,False
2024-01-29,2024-01-30,2024-01-31,-0.0007781365075752256,-0.0164395400026428,DOWN,DOWN,True
2024-01-30,2024-01-31,2024-02-01,-0.0164395400026428,0.013004305483951106,DOWN,UP,False
2024-01-31,2024-02-01,2024-02-02,0.013004305483951106,0.010458545042947834,UP,UP,True
2024-02-01,2024-02-02,2024-02-05,0.010458545042947834,-0.0036417713285373608,UP,DOWN,False
2024-02-02,2024-02-05,2024-02-06,-0.0036417713285373608,0.0029102959100690763,DOWN,UP,False
2024-02-05,2024-02-06,2024-02-07,0.0029102959100690763,0.008286535028975918,UP,UP,True
2024-02-06,2024-02-07,2024-02-08,0.008286535028975918,0.0004560530758976368,UP,UP,True
2024-02-07,2024-02-08,2024-02-09,0.0004560530758976368,0.005765610458296852,UP,UP,True
2024-02-08,2024-02-09,2024-02-12,0.005765610458296852,-0.0004534306225795368,UP,DOWN,False
2024-02-09,2024-02-12,2024-02-13,-0.0004534306225795368,-0.01386662315216908,DOWN,DOWN,True
2024-02-12,2024-02-13,2024-02-14,-0.01386662315216908,0.00905171867220194,DOWN,UP,False
2024-02-13,2024-02-14,2024-02-15,0.00905171867220194,0.006874298098784186,UP,UP,True
2024-02-14,2024-02-15,2024-02-16,0.006874298098784186,-0.004991038883843359,UP,DOWN,False
2024-02-15,2024-02-16,2024-02-20,-0.004991038883843359,-0.005514910417803464,DOWN,DOWN,True
2024-02-16,2024-02-20,2024-02-21,-0.005514910417803464,0.0008935715399806811,DOWN,UP,False
2024-02-20,2024-02-21,2024-02-22,0.0008935715399806811,0.020497618441336764,UP,UP,True
2024-02-21,2024-02-22,2024-02-23,0.020497618441336764,0.0006916614389702624,UP,UP,True
2024-02-22,2024-02-23,2024-02-26,0.0006916614389702624,-0.003687597769287313,UP,DOWN,False
2024-02-23,2024-02-26,2024-02-27,-0.003687597769287313,0.00185568535158539,DOWN,UP,False
2024-02-26,2024-02-27,2024-02-28,0.00185568535158539,-0.001304738014334805,UP,DOWN,False
2024-02-27,2024-02-28,2024-02-29,-0.001304738014334805,0.0035839412801975325,DOWN,UP,False
2024-02-28,2024-02-29,2024-03-01,0.0035839412801975325,0.009347186026579385,UP,UP,True
2024-02-29,2024-03-01,2024-03-04,0.009347186026579385,-0.0010880297662174514,UP,DOWN,False
2024-03-01,2024-03-04,2024-03-05,-0.0010880297662174514,-0.01002915824832954,DOWN,DOWN,True
2024-03-04,2024-03-05,2024-03-06,-0.01002915824832954,0.005037282400020461,DOWN,UP,False
2024-03-05,2024-03-06,2024-03-07,0.005037282400020461,0.009878714263084317,UP,UP,True
2024-03-06,2024-03-07,2024-03-08,0.009878714263084317,-0.0060164173633475634,UP,DOWN,False
2024-03-07,2024-03-08,2024-03-11,-0.0060164173633475634,-0.0008480223416924127,DOWN,DOWN,True
2024-03-08,2024-03-11,2024-03-12,-0.0008480223416924127,0.010688842424126831,DOWN,UP,False
2024-03-11,2024-03-12,2024-03-13,0.010688842424126831,-0.0015600315170110008,UP,DOWN,False
2024-03-12,2024-03-13,2024-03-14,-0.0015600315170110008,-0.00198355120584686,DOWN,DOWN,True
2024-03-13,2024-03-14,2024-03-15,-0.00198355120584686,-0.006882699740154432,DOWN,DOWN,True
2024-03-14,2024-03-15,2024-03-18,-0.006882699740154432,0.005919559829835709,DOWN,UP,False
2024-03-15,2024-03-18,2024-03-19,0.005919559829835709,0.005545393228314003,UP,UP,True
2024-03-18,2024-03-19,2024-03-20,0.005545393228314003,0.00920090351698953,UP,UP,True
2024-03-19,2024-03-20,2024-03-21,0.00920090351698953,0.0032980192424554074,UP,UP,True
2024-03-20,2024-03-21,2024-03-22,0.0032980192424554074,-0.0018945379837818162,UP,DOWN,False
2024-03-21,2024-03-22,2024-03-25,-0.0018945379837818162,-0.0027693177488046093,DOWN,DOWN,True
2024-03-22,2024-03-25,2024-03-26,-0.0027693177488046093,-0.0018438666934084756,DOWN,DOWN,True
2024-03-25,2024-03-26,2024-03-27,-0.0018438666934084756,0.008359319464541166,DOWN,UP,False
2024-03-26,2024-03-27,2024-03-28,0.008359319464541166,-0.00017713222967219772,UP,DOWN,False
2024-03-27,2024-03-28,2024-04-01,-0.00017713222967219772,-0.0017533322721431134,DOWN,DOWN,True
2024-03-28,2024-04-01,2024-04-02,-0.0017533322721431134,-0.006369322294156542,DOWN,DOWN,True
2024-04-01,2024-04-02,2024-04-03,-0.006369322294156542,0.0010908046260722315,DOWN,UP,False
2024-04-02,2024-04-03,2024-04-04,0.0010908046260722315,-0.012285509820567883,UP,DOWN,False
2024-04-03,2024-04-04,2024-04-05,-0.012285509820567883,0.010400644724773785,DOWN,UP,False
2024-04-04,2024-04-05,2024-04-08,0.010400644724773785,0.00055590852765802,UP,UP,True
2024-04-05,2024-04-08,2024-04-09,0.00055590852765802,0.0011505426672376868,UP,UP,True
2024-04-08,2024-04-09,2024-04-10,0.0011505426672376868,-0.010062351401620815,UP,DOWN,False
2024-04-09,2024-04-10,2024-04-11,-0.010062351401620815,0.00752145754610415,DOWN,UP,False
2024-04-10,2024-04-11,2024-04-12,0.00752145754610415,-0.013889946117962617,UP,DOWN,False
2024-04-11,2024-04-12,2024-04-15,-0.013889946117962617,-0.012615008997800624,DOWN,DOWN,True
2024-04-12,2024-04-15,2024-04-16,-0.012615008997800624,-0.0018181266052401497,DOWN,DOWN,True
2024-04-15,2024-04-16,2024-04-17,-0.0018181266052401497,-0.00594727153880958,DOWN,DOWN,True
2024-04-16,2024-04-17,2024-04-18,-0.00594727153880958,-0.0020590119902282925,DOWN,DOWN,True
2024-04-17,2024-04-18,2024-04-19,-0.0020590119902282925,-0.008756822784882079,DOWN,DOWN,True
2024-04-18,2024-04-19,2024-04-22,-0.008756822784882079,0.00916896448503049,DOWN,UP,False
2024-04-19,2024-04-22,2024-04-23,0.00916896448503049,0.01179737184900499,UP,UP,True
2024-04-22,2024-04-23,2024-04-24,0.01179737184900499,-0.000488788425446114,UP,DOWN,False
2024-04-23,2024-04-24,2024-04-25,-0.000488788425446114,-0.003796232822605796,DOWN,DOWN,True
2024-04-24,2024-04-25,2024-04-26,-0.003796232822605796,0.009423183833269719,DOWN,UP,False
2024-04-25,2024-04-26,2024-04-29,0.009423183833269719,0.003538681440471243,UP,UP,True
2024-04-26,2024-04-29,2024-04-30,0.003538681440471243,-0.0159723427724132,UP,DOWN,False
2024-04-29,2024-04-30,2024-05-01,-0.0159723427724132,-0.003245888997293985,DOWN,DOWN,True
2024-04-30,2024-05-01,2024-05-02,-0.003245888997293985,0.009298582103483605,DOWN,UP,False
2024-05-01,2024-05-02,2024-05-03,0.009298582103483605,0.012318820180240931,UP,UP,True
2024-05-02,2024-05-03,2024-05-06,0.012318820180240931,0.01027725331963997,UP,UP,True
2024-05-03,2024-05-06,2024-05-07,0.01027725331963997,0.0011155157428553463,UP,UP,True
2024-05-06,2024-05-07,2024-05-08,0.0011155157428553463,7.963209974146907e-05,UP,UP,True
2024-05-07,2024-05-08,2024-05-09,7.963209974146907e-05,0.005756496899769693,UP,UP,True
2024-05-08,2024-05-09,2024-05-10,0.005756496899769693,0.0012857158757028889,UP,UP,True
2024-05-09,2024-05-10,2024-05-13,0.0012857158757028889,0.00013836316399325088,UP,UP,True
2024-05-10,2024-05-13,2024-05-14,0.00013836316399325088,0.004574952271699829,UP,UP,True
2024-05-13,2024-05-14,2024-05-15,0.004574952271699829,0.012299364103078043,UP,UP,True
2024-05-14,2024-05-15,2024-05-16,0.012299364103078043,-0.002062137181933835,UP,DOWN,False
2024-05-15,2024-05-16,2024-05-17,-0.002062137181933835,0.0014400531805348626,DOWN,UP,False
2024-05-16,2024-05-17,2024-05-20,0.0014400531805348626,0.0011660902320291657,UP,UP,True
2024-05-17,2024-05-20,2024-05-21,0.0011660902320291657,0.002444372373504367,UP,UP,True
2024-05-20,2024-05-21,2024-05-22,0.002444372373504367,-0.002891212926861954,UP,DOWN,False
2024-05-21,2024-05-22,2024-05-23,-0.002891212926861954,-0.007333327190386754,DOWN,DOWN,True
2024-05-22,2024-05-23,2024-05-24,-0.007333327190386754,0.006594631149642676,DOWN,UP,False
2024-05-23,2024-05-24,2024-05-28,0.006594631149642676,0.0006998309027681516,UP,UP,True
2024-05-24,2024-05-28,2024-05-29,0.0006998309027681516,-0.007020446549247836,UP,DOWN,False
2024-05-28,2024-05-29,2024-05-30,-0.007020446549247836,-0.006656284700362966,DOWN,DOWN,True
2024-05-29,2024-05-30,2024-05-31,-0.006656284700362966,0.009060484410037366,DOWN,UP,False
2024-05-30,2024-05-31,2024-06-03,0.009060484410037366,0.0008196241896696137,UP,UP,True
2024-05-31,2024-06-03,2024-06-04,0.0008196241896696137,0.0011112736923706548,UP,UP,True
2024-06-03,2024-06-04,2024-06-05,0.0011112736923706548,0.011815889224255501,UP,UP,True
2024-06-04,2024-06-05,2024-06-06,0.011815889224255501,-1.925650629261145e-05,UP,DOWN,False
2024-06-05,2024-06-06,2024-06-07,-1.925650629261145e-05,-0.0012139080654789394,DOWN,DOWN,True
2024-06-06,2024-06-07,2024-06-10,-0.0012139080654789394,0.003080064806257122,DOWN,UP,False
2024-06-07,2024-06-10,2024-06-11,0.003080064806257122,0.002418891561448911,UP,UP,True
2024-06-10,2024-06-11,2024-06-12,0.002418891561448911,0.008173131600693972,UP,UP,True
2024-06-11,2024-06-12,2024-06-13,0.008173131600693972,0.0020139080409330174,UP,UP,True
2024-06-12,2024-06-13,2024-06-14,0.0020139080409330174,0.0006071760807373804,UP,UP,True
2024-06-13,2024-06-14,2024-06-17,0.0006071760807373804,0.007935200057750606,UP,UP,True
2024-06-14,2024-06-17,2024-06-18,0.007935200057750606,0.0025372853396753896,UP,UP,True
2024-06-17,2024-06-18,2024-06-20,0.0025372853396753896,-0.0027254887504767223,UP,DOWN,False
2024-06-18,2024-06-20,2024-06-21,-0.0027254887504767223,-0.001337263706114934,DOWN,DOWN,True
2024-06-20,2024-06-21,2024-06-24,-0.001337263706114934,-0.0032659100416368813,DOWN,DOWN,True
2024-06-21,2024-06-24,2024-06-25,-0.0032659100416368813,0.003850005699193853,DOWN,UP,False
2024-06-24,2024-06-25,2024-06-26,0.003850005699193853,0.0012424232613583834,UP,UP,True
2024-06-25,2024-06-26,2024-06-27,0.0012424232613583834,0.0015790367399194664,UP,UP,True
2024-06-26,2024-06-27,2024-06-28,0.0015790367399194664,-0.003952276759862465,UP,DOWN,False
2024-06-27,2024-06-28,2024-07-01,-0.003952276759862465,0.002072188217944022,DOWN,UP,False
2024-06-28,2024-07-01,2024-07-02,0.002072188217944022,0.006695762813108058,UP,UP,True
2024-07-01,2024-07-02,2024-07-03,0.006695762813108058,0.004457673541439088,UP,UP,True
2024-07-02,2024-07-03,2024-07-05,0.004457673541439088,0.005752474575049655,UP,UP,True
2024-07-03,2024-07-05,2024-07-08,0.005752474575049655,0.0011465346325874807,UP,UP,True
2024-07-05,2024-07-08,2024-07-09,0.0011465346325874807,0.0009790611032658495,UP,UP,True
2024-07-08,2024-07-09,2024-07-10,0.0009790611032658495,0.009847952007473276,UP,UP,True
2024-07-09,2024-07-10,2024-07-11,0.009847952007473276,-0.008666965746797303,UP,DOWN,False
2024-07-10,2024-07-11,2024-07-12,-0.008666965746797303,0.00628736329866649,DOWN,UP,False
2024-07-11,2024-07-12,2024-07-15,0.00628736329866649,0.0027451930638357266,UP,UP,True
2024-07-12,2024-07-15,2024-07-16,0.0027451930638357266,0.005922190837494445,UP,UP,True
2024-07-15,2024-07-16,2024-07-17,0.005922190837494445,-0.014125200545732247,UP,DOWN,False
2024-07-16,2024-07-17,2024-07-18,-0.014125200545732247,-0.007713618401971632,DOWN,DOWN,True
2024-07-17,2024-07-18,2024-07-19,-0.007713618401971632,-0.006670045036966753,DOWN,DOWN,True
2024-07-18,2024-07-19,2024-07-22,-0.006670045036966753,0.010266037716233665,DOWN,UP,False
2024-07-19,2024-07-22,2024-07-23,0.010266037716233665,-0.0015739723823117973,UP,DOWN,False
2024-07-22,2024-07-23,2024-07-24,-0.0015739723823117973,-0.022925305088780833,DOWN,DOWN,True
2024-07-23,2024-07-24,2024-07-25,-0.022925305088780833,-0.005228099093761993,DOWN,DOWN,True
2024-07-24,2024-07-25,2024-07-26,-0.005228099093761993,0.011145555792305733,DOWN,UP,False
2024-07-25,2024-07-26,2024-07-29,0.011145555792305733,0.0005841727055974427,UP,UP,True
2024-07-26,2024-07-29,2024-07-30,0.0005841727055974427,-0.005080515201106176,UP,DOWN,False
2024-07-29,2024-07-30,2024-07-31,-0.005080515201106176,0.016134077732389226,DOWN,UP,False
2024-07-30,2024-07-31,2024-08-01,0.016134077732389226,-0.014280193504249698,UP,DOWN,False
2024-07-31,2024-08-01,2024-08-02,-0.014280193504249698,-0.01879162863362494,DOWN,DOWN,True
2024-08-01,2024-08-02,2024-08-05,-0.01879162863362494,-0.029550713840715555,DOWN,DOWN,True
2024-08-02,2024-08-05,2024-08-06,-0.029550713840715555,0.00918135046867558,DOWN,UP,False
2024-08-05,2024-08-06,2024-08-07,0.00918135046867558,-0.006704949294250731,UP,DOWN,False
2024-08-06,2024-08-07,2024-08-08,-0.006704949294250731,0.02284785341105586,DOWN,UP,False
2024-08-07,2024-08-08,2024-08-09,0.02284785341105586,0.004399767812297359,UP,UP,True
2024-08-08,2024-08-09,2024-08-12,0.004399767812297359,0.0005197455288950184,UP,UP,True
2024-08-09,2024-08-12,2024-08-13,0.0005197455288950184,0.016320426379395576,UP,UP,True
2024-08-12,2024-08-13,2024-08-14,0.016320426379395576,0.003156872594612955,UP,UP,True
2024-08-13,2024-08-14,2024-08-15,0.003156872594612955,0.01699206271092295,UP,UP,True
2024-08-14,2024-08-15,2024-08-16,0.01699206271092295,0.0022427144380117404,UP,UP,True
2024-08-15,2024-08-16,2024-08-19,0.0022427144380117404,0.00950791190895427,UP,UP,True
2024-08-16,2024-08-19,2024-08-20,0.00950791190895427,-0.0016334924573020127,UP,DOWN,False
2024-08-19,2024-08-20,2024-08-21,-0.0016334924573020127,0.0034290882345506843,DOWN,UP,False
2024-08-20,2024-08-21,2024-08-22,0.0034290882345506843,-0.00786580792692394,UP,DOWN,False
2024-08-21,2024-08-22,2024-08-23,-0.00786580792692394,0.010571427390638169,DOWN,UP,False
2024-08-22,2024-08-23,2024-08-26,0.010571427390638169,-0.0023944664562893865,UP,DOWN,False
2024-08-23,2024-08-26,2024-08-27,-0.0023944664562893865,0.001371579268265921,DOWN,UP,False
2024-08-26,2024-08-27,2024-08-28,0.001371579268265921,-0.00582846224762202,UP,DOWN,False
2024-08-27,2024-08-28,2024-08-29,-0.00582846224762202,9.190585171021312e-05,DOWN,UP,False
2024-08-28,2024-08-29,2024-08-30,9.190585171021312e-05,0.009512382852765648,UP,UP,True
2024-08-29,2024-08-30,2024-09-03,0.009512382852765648,-0.020806298704487882,UP,DOWN,False
2024-08-30,2024-09-03,2024-09-04,-0.020806298704487882,-0.002046893159773733,DOWN,DOWN,True
2024-09-03,2024-09-04,2024-09-05,-0.002046893159773733,-0.0024244696695059913,DOWN,DOWN,True
2024-09-04,2024-09-05,2024-09-06,-0.0024244696695059913,-0.016985946202930154,DOWN,DOWN,True
2024-09-05,2024-09-06,2024-09-09,-0.016985946202930154,0.011143123535792401,DOWN,UP,False
2024-09-06,2024-09-09,2024-09-10,0.011143123535792401,0.004347914419014245,UP,UP,True
2024-09-09,2024-09-10,2024-09-11,0.004347914419014245,0.010195626841031747,UP,UP,True
2024-09-10,2024-09-11,2024-09-12,0.010195626841031747,0.00838706863837076,UP,UP,True
2024-09-11,2024-09-12,2024-09-13,0.00838706863837076,0.005217832986003569,UP,UP,True
2024-09-12,2024-09-13,2024-09-16,0.005217832986003569,0.001478008060533277,UP,UP,True
2024-09-13,2024-09-16,2024-09-17,0.001478008060533277,0.0004010573383443336,UP,UP,True
2024-09-16,2024-09-17,2024-09-18,0.0004010573383443336,-0.002975296301780985,UP,DOWN,False
2024-09-17,2024-09-18,2024-09-19,-0.002975296301780985,0.016929895026068013,DOWN,UP,False
2024-09-18,2024-09-19,2024-09-20,0.016929895026068013,-0.0017269607990636736,UP,DOWN,False
2024-09-19,2024-09-20,2024-09-23,-0.0017269607990636736,0.0024815693367943323,DOWN,UP,False
2024-09-20,2024-09-23,2024-09-24,0.0024815693367943323,0.0028694938895351164,UP,UP,True
2024-09-23,2024-09-24,2024-09-25,0.0028694938895351164,-0.0022051911585207833,UP,DOWN,False
2024-09-24,2024-09-25,2024-09-26,-0.0022051911585207833,0.003958698621854079,DOWN,UP,False
2024-09-25,2024-09-26,2024-09-27,0.003958698621854079,-0.0014670104248274151,UP,DOWN,False
2024-09-26,2024-09-27,2024-09-30,-0.0014670104248274151,0.0040023638754925666,DOWN,UP,False
2024-09-27,2024-09-30,2024-10-01,0.0040023638754925666,-0.00899196429116661,UP,DOWN,False
2024-09-30,2024-10-01,2024-10-02,-0.00899196429116661,0.0004137546493990769,DOWN,UP,False
2024-10-01,2024-10-02,2024-10-03,0.0004137546493990769,-0.0018181986844923023,UP,DOWN,False
2024-10-02,2024-10-03,2024-10-04,-0.0018181986844923023,0.00904025815677852,DOWN,UP,False
2024-10-03,2024-10-04,2024-10-07,0.00904025815677852,-0.009076295491461044,UP,DOWN,False
2024-10-04,2024-10-07,2024-10-08,-0.009076295491461044,0.009415505492482051,DOWN,UP,False
2024-10-07,2024-10-08,2024-10-09,0.009415505492482051,0.006901977022040902,UP,UP,True
2024-10-08,2024-10-09,2024-10-10,0.006901977022040902,-0.0017565498080234076,UP,DOWN,False
2024-10-09,2024-10-10,2024-10-11,-0.0017565498080234076,0.005966784405611405,DOWN,UP,False
2024-10-10,2024-10-11,2024-10-14,0.005966784405611405,0.008140060242288588,UP,UP,True
2024-10-11,2024-10-14,2024-10-15,0.008140060242288588,-0.007787065074657005,UP,DOWN,False
2024-10-14,2024-10-15,2024-10-16,-0.007787065074657005,0.004331679045103384,DOWN,UP,False
2024-10-15,2024-10-16,2024-10-17,0.004331679045103384,8.78479878983542e-05,UP,UP,True
2024-10-16,2024-10-17,2024-10-18,8.78479878983542e-05,0.003840189889857494,UP,UP,True
2024-10-17,2024-10-18,2024-10-21,0.003840189889857494,-0.0016464945654433543,UP,DOWN,False
2024-10-18,2024-10-21,2024-10-22,-0.0016464945654433543,-0.000526048163071785,DOWN,DOWN,True
2024-10-21,2024-10-22,2024-10-23,-0.000526048163071785,-0.00918011503983481,DOWN,DOWN,True
2024-10-22,2024-10-23,2024-10-24,-0.00918011503983481,0.0021572310943888504,DOWN,UP,False
2024-10-23,2024-10-24,2024-10-25,0.0021572310943888504,-0.00035332568161922036,UP,DOWN,False
2024-10-24,2024-10-25,2024-10-28,-0.00035332568161922036,0.003087375098251328,DOWN,UP,False
2024-10-25,2024-10-28,2024-10-29,0.003087375098251328,0.0016192625334778225,UP,UP,True
2024-10-28,2024-10-29,2024-10-30,0.0016192625334778225,-0.0030294513799005605,UP,DOWN,False
2024-10-29,2024-10-30,2024-10-31,-0.0030294513799005605,-0.019792396267197414,DOWN,DOWN,True
2024-10-30,2024-10-31,2024-11-01,-0.019792396267197414,0.004201385094204583,DOWN,UP,False
2024-10-31,2024-11-01,2024-11-04,0.004201385094204583,-0.002152351377076823,UP,DOWN,False
2024-11-01,2024-11-04,2024-11-05,-0.002152351377076823,0.012029415093352517,DOWN,UP,False
2024-11-04,2024-11-05,2024-11-06,0.012029415093352517,0.024551108269385315,UP,UP,True
2024-11-05,2024-11-06,2024-11-07,0.024551108269385315,0.0077080643400988585,UP,UP,True
2024-11-06,2024-11-07,2024-11-08,0.0077080643400988585,0.004319439019017466,UP,UP,True
2024-11-07,2024-11-08,2024-11-11,0.004319439019017466,0.0009573468548947647,UP,UP,True
2024-11-08,2024-11-11,2024-11-12,0.0009573468548947647,-0.003114734172036609,UP,DOWN,False
2024-11-11,2024-11-12,2024-11-13,-0.003114734172036609,0.00047982178968746924,DOWN,UP,False
2024-11-12,2024-11-13,2024-11-14,0.00047982178968746924,-0.0064453700611268525,UP,DOWN,False
2024-11-13,2024-11-14,2024-11-15,-0.0064453700611268525,-0.01289444738870875,DOWN,DOWN,True
2024-11-14,2024-11-15,2024-11-18,-0.01289444738870875,0.0040963303660845165,DOWN,UP,False
2024-11-15,2024-11-18,2024-11-19,0.0040963303660845165,0.0036464071241155372,UP,UP,True
2024-11-18,2024-11-19,2024-11-20,0.0036464071241155372,0.0003292580459685698,UP,UP,True
2024-11-19,2024-11-20,2024-11-21,0.0003292580459685698,0.005356847093625188,UP,UP,True
2024-11-20,2024-11-21,2024-11-22,0.005356847093625188,0.0030973095397034372,UP,UP,True
2024-11-21,2024-11-22,2024-11-25,0.0030973095397034372,0.003378874122919077,UP,UP,True
2024-11-22,2024-11-25,2024-11-26,0.003378874122919077,0.00520883432705528,UP,UP,True
2024-11-25,2024-11-26,2024-11-27,0.00520883432705528,-0.0030195268470489425,UP,DOWN,False
2024-11-26,2024-11-27,2024-11-29,-0.0030195268470489425,0.006182794790876487,DOWN,UP,False
2024-11-27,2024-11-29,2024-12-02,0.006182794790876487,0.0017982565155326986,UP,UP,True
2024-11-29,2024-12-02,2024-12-03,0.0017982565155326986,0.00045753019226425236,UP,UP,True
2024-12-02,2024-12-03,2024-12-04,0.00045753019226425236,0.0061983495046697284,UP,UP,True
2024-12-03,2024-12-04,2024-12-05,0.0061983495046697284,-0.0016513888897140212,UP,DOWN,False
2024-12-04,2024-12-05,2024-12-06,-0.0016513888897140212,0.0018870791264954635,DOWN,UP,False
2024-12-05,2024-12-06,2024-12-09,0.0018870791264954635,-0.005164219800577883,UP,DOWN,False
2024-12-06,2024-12-09,2024-12-10,-0.005164219800577883,-0.0031011980556652262,DOWN,DOWN,True
2024-12-09,2024-12-10,2024-12-11,-0.0031011980556652262,0.007692930889942353,DOWN,UP,False
2024-12-10,2024-12-11,2024-12-12,0.007692930889942353,-0.005167184749148177,UP,DOWN,False
2024-12-11,2024-12-12,2024-12-13,-0.005167184749148177,-0.00020317976399455233,DOWN,DOWN,True
2024-12-12,2024-12-13,2024-12-16,-0.00020317976399455233,0.004274991091969285,DOWN,UP,False
2024-12-13,2024-12-16,2024-12-17,0.004274991091969285,-0.0041395333291856405,UP,DOWN,False
2024-12-16,2024-12-17,2024-12-18,-0.0041395333291856405,-0.030251692455486496,DOWN,DOWN,True
2024-12-17,2024-12-18,2024-12-19,-0.030251692455486496,-0.0003141690255183331,DOWN,DOWN,True
2024-12-18,2024-12-19,2024-12-20,-0.0003141690255183331,0.011938575572661238,DOWN,UP,False
2024-12-19,2024-12-20,2024-12-23,0.011938575572661238,0.005967702782152218,UP,UP,True
2024-12-20,2024-12-23,2024-12-24,0.005967702782152218,0.01106679439308546,UP,UP,True
2024-12-23,2024-12-24,2024-12-26,0.01106679439308546,6.782995034051791e-05,UP,UP,True
2024-12-24,2024-12-26,2024-12-27,6.782995034051791e-05,-0.010586077977504396,UP,DOWN,False
2024-12-26,2024-12-27,2024-12-30,-0.010586077977504396,-0.011479124308162858,DOWN,DOWN,True
2024-12-27,2024-12-30,2024-12-31,-0.011479124308162858,-0.0036470403912013507,DOWN,DOWN,True
2024-12-30,2024-12-31,2025-01-02,-0.0036470403912013507,-0.002456211876692412,DOWN,DOWN,True
2024-12-31,2025-01-02,2025-01-03,-0.002456211876692412,0.012427903117848587,DOWN,UP,False
2025-01-02,2025-01-03,2025-01-06,0.012427903117848587,0.005736974459790617,UP,UP,True
2025-01-03,2025-01-06,2025-01-07,0.005736974459790617,-0.011368456460724473,UP,DOWN,False
2025-01-06,2025-01-07,2025-01-08,-0.011368456460724473,0.0014713903829137128,DOWN,UP,False
2025-01-07,2025-01-08,2025-01-10,0.0014713903829137128,-0.015391757506671579,UP,DOWN,False
2025-01-08,2025-01-10,2025-01-13,-0.015391757506671579,0.0015446187161448743,DOWN,UP,False
2025-01-10,2025-01-13,2025-01-14,0.0015446187161448743,0.0013846169540418388,UP,UP,True
2025-01-13,2025-01-14,2025-01-15,0.0013846169540418388,0.018016941691764928,UP,UP,True
2025-01-14,2025-01-15,2025-01-16,0.018016941691764928,-0.0019284748645902838,UP,DOWN,False
2025-01-15,2025-01-16,2025-01-17,-0.0019284748645902838,0.009997939658280459,DOWN,UP,False
2025-01-16,2025-01-17,2025-01-21,0.009997939658280459,0.009104560785264499,UP,UP,True
2025-01-17,2025-01-21,2025-01-22,0.009104560785264499,0.005614913624659583,UP,UP,True
2025-01-21,2025-01-22,2025-01-23,0.005614913624659583,0.005433064425097878,UP,UP,True
2025-01-22,2025-01-23,2025-01-24,0.005433064425097878,-0.0029140868051007224,UP,DOWN,False
2025-01-23,2025-01-24,2025-01-27,-0.0029140868051007224,-0.014256757412248456,DOWN,DOWN,True
2025-01-24,2025-01-27,2025-01-28,-0.014256757412248456,0.00857167465329447,DOWN,UP,False
2025-01-27,2025-01-28,2025-01-29,0.00857167465329447,-0.004496896947795521,UP,DOWN,False
2025-01-28,2025-01-29,2025-01-30,-0.004496896947795521,0.0053567784720186026,DOWN,UP,False
2025-01-29,2025-01-30,2025-01-31,0.0053567784720186026,-0.005339834919463586,UP,DOWN,False
2025-01-30,2025-01-31,2025-02-03,-0.005339834919463586,-0.006749258468877294,DOWN,DOWN,True
2025-01-31,2025-02-03,2025-02-04,-0.006749258468877294,0.006681482536084828,DOWN,UP,False
2025-02-03,2025-02-04,2025-02-05,0.006681482536084828,0.004041571058410688,UP,UP,True
2025-02-04,2025-02-05,2025-02-06,0.004041571058410688,0.003470470817045286,UP,UP,True
2025-02-05,2025-02-06,2025-02-07,0.003470470817045286,-0.009190961656261609,UP,DOWN,False
2025-02-06,2025-02-07,2025-02-10,-0.009190961656261609,0.006766269027161638,DOWN,UP,False
2025-02-07,2025-02-10,2025-02-11,0.006766269027161638,0.0007583481855526988,UP,UP,True
2025-02-10,2025-02-11,2025-02-12,0.0007583481855526988,-0.003222734011805995,UP,DOWN,False
2025-02-11,2025-02-12,2025-02-13,-0.003222734011805995,0.01049048841866699,DOWN,UP,False
2025-02-12,2025-02-13,2025-02-14,0.01049048841866699,-3.344817206063273e-05,UP,DOWN,False
2025-02-13,2025-02-14,2025-02-18,-3.344817206063273e-05,0.0029224893672467798,DOWN,UP,False
2025-02-14,2025-02-18,2025-02-19,0.0029224893672467798,0.002348494129704185,UP,UP,True
2025-02-18,2025-02-19,2025-02-20,0.002348494129704185,-0.004167784107157528,UP,DOWN,False
2025-02-19,2025-02-20,2025-02-21,-0.004167784107157528,-0.017254880722611245,DOWN,DOWN,True
2025-02-20,2025-02-21,2025-02-24,-0.017254880722611245,-0.0045484435715508215,DOWN,DOWN,True
2025-02-21,2025-02-24,2025-02-25,-0.0045484435715508215,-0.004998127552592043,DOWN,DOWN,True
2025-02-24,2025-02-25,2025-02-26,-0.004998127552592043,0.0005146592211865803,DOWN,UP,False
2025-02-25,2025-02-26,2025-02-27,0.0005146592211865803,-0.01609633563222668,UP,DOWN,False
2025-02-26,2025-02-27,2025-02-28,-0.01609633563222668,0.015478712774273573,DOWN,UP,False
2025-02-27,2025-02-28,2025-03-03,0.015478712774273573,-0.01765973872063386,UP,DOWN,False
2025-02-28,2025-03-03,2025-03-04,-0.01765973872063386,-0.011913479276095615,DOWN,DOWN,True
2025-03-03,2025-03-04,2025-03-05,-0.011913479276095615,0.010690023735912286,DOWN,UP,False
2025-03-04,2025-03-05,2025-03-06,0.010690023735912286,-0.017910399800633088,UP,DOWN,False
2025-03-05,2025-03-06,2025-03-07,-0.017910399800633088,0.005592806091453921,DOWN,UP,False
2025-03-06,2025-03-07,2025-03-10,0.005592806091453921,-0.027008056744161714,UP,DOWN,False
2025-03-07,2025-03-10,2025-03-11,-0.027008056744161714,-0.008347614071126367,DOWN,DOWN,True
2025-03-10,2025-03-11,2025-03-12,-0.008347614071126367,0.005305246330899484,DOWN,UP,False
2025-03-11,2025-03-12,2025-03-13,0.005305246330899484,-0.013427211877374858,UP,DOWN,False
2025-03-12,2025-03-13,2025-03-14,-0.013427211877374858,0.02044529489985231,DOWN,UP,False
2025-03-13,2025-03-14,2025-03-17,0.02044529489985231,0.007688597082743614,UP,UP,True
2025-03-14,2025-03-17,2025-03-18,0.007688597082743614,-0.010864268683576263,UP,DOWN,False
2025-03-17,2025-03-18,2025-03-19,-0.010864268683576263,0.010828309748675954,DOWN,UP,False
2025-03-18,2025-03-19,2025-03-20,0.010828309748675954,-0.0028989441863965285,UP,DOWN,False
2025-03-19,2025-03-20,2025-03-21,-0.0028989441863965285,0.0003245231341356246,DOWN,UP,False
2025-03-20,2025-03-21,2025-03-24,0.0003245231341356246,0.017759346191493167,UP,UP,True
2025-03-21,2025-03-24,2025-03-25,0.017759346191493167,0.0023878390799742005,UP,UP,True
2025-03-24,2025-03-25,2025-03-26,0.0023878390799742005,-0.011996624908690724,UP,DOWN,False
2025-03-25,2025-03-26,2025-03-27,-0.011996624908690724,-0.002667646982091329,DOWN,DOWN,True
2025-03-26,2025-03-27,2025-03-28,-0.002667646982091329,-0.02033808794768506,DOWN,DOWN,True
