issue_date,target_date,actual_return,predicted_return,actual_simple_return,predicted_simple_return,MAE_simple_return
2024-01-02,2024-01-03,-0.008205759326630258,0.0004267665609473147,-0.008172183983393961,0.00042685763875194586,0.008599041622145908
2024-01-03,2024-01-04,-0.003221680707016006,0.00037277146253135397,-0.003216496662333573,0.00037284095044709526,0.0035893376127806684
2024-01-04,2024-01-05,0.001369379134387394,0.00040247910604710856,0.0013703171621172435,0.00040256011162983113,0.0009677570504874123
2024-01-05,2024-01-08,0.014179350218027409,0.0004581551257152065,0.014280354029178733,0.0004582600948049128,0.01382209393437382
2024-01-08,2024-01-09,-0.0015244237364901991,0.0004890720060663983,-0.0015232623928275863,0.0004891916212793131,0.002012454014106899
2024-01-09,2024-01-10,0.005650469243462908,0.00044390235259312346,0.005666463255165471,0.0004440008918225015,0.00522246236334297
2024-01-10,2024-01-11,-0.0004552006754883209,0.00043820425177683704,-0.000455097087379227,0.0004383002772857246,0.0008933973646649516
2024-01-11,2024-01-12,0.0006935564551193707,0.00048326331994271777,0.0006937970210097171,0.00048338011047368765,0.00021041691053602944
2024-01-12,2024-01-16,-0.0036682951023063737,0.000498006268225944,-0.0036615751272892874,0.0004981302939352126,0.0041597054212245
2024-01-16,2024-01-17,-0.005582464669845244,0.00041026952123894003,-0.005566911668768546,0.00041035369328965097,0.005977265362058197
2024-01-17,2024-01-18,0.0088606934559321,0.00041770475802799185,0.008900065602448921,0.0004177920088083639,0.008482273593640557
2024-01-18,2024-01-19,0.012385859855340797,0.0005040625474328857,0.012462882285367965,0.000504189608306727,0.011958692677061239
2024-01-19,2024-01-22,0.002117127059190871,0.00041889496108324576,0.002119369755094709,0.000418982709829531,0.0017003870452651777
2024-01-22,2024-01-23,0.0029010878087172287,0.0005201440759486516,0.002905300036316599,0.0005202793743357252,0.0023850206619808736
2024-01-23,2024-01-24,0.001107019038819601,0.00047758052347076247,0.0011076320105653519,0.0004776945832058085,0.0006299374273595434
2024-01-24,2024-01-25,0.005410981553319871,0.0004884078398634375,0.0054256473541990985,0.000488527130392477,0.004937120223806621
2024-01-25,2024-01-26,-0.0012705405741018083,0.0004953727375972903,-0.0012697337791513362,0.0004954954549346389,0.001765229234085975
2024-01-26,2024-01-29,0.007893500388559183,0.00045531033605747406,0.007924736195278663,0.0004554140055418667,0.007469322189736796
2024-01-29,2024-01-30,-0.0007781365075745228,0.0004290695059039069,-0.0007778338378735179,0.000429161569391096,0.001206995407264614
2024-01-30,2024-01-31,-0.016439540002642694,0.00048217919039327754,-0.016305148219056938,0.0004822954574655383,0.016787443676522476
2024-01-31,2024-02-01,0.013004305483950596,0.00040044343413876037,0.013089229189836054,0.000400523622313985,0.012688705567522069
2024-02-01,2024-02-02,0.010458545042948408,0.0005199435585405274,0.010513426786016435,0.0005200787526226435,0.009993348033393792
2024-02-02,2024-02-05,-0.003641771328537935,0.0005346669633325432,-0.0036351481218407536,0.0005348099231908854,0.004169958045031639
2024-02-05,2024-02-06,0.002910295910068861,0.0005110007308893747,0.0029145349324832875,0.0005111313140046014,0.002403403618478686
2024-02-06,2024-02-07,0.008286535028975806,0.00046772014868790403,0.008320963391942436,0.0004678295468118858,0.00785313384513055
2024-02-07,2024-02-08,0.00045605307589813293,0.0005174760482617671,0.0004561570839126085,0.0005176099620900996,6.14528781774911e-05
2024-02-08,2024-02-09,0.0057656104582965995,0.000485677379702606,0.00578226358002928,0.00048579534005730243,0.0052964682399719775
2024-02-09,2024-02-12,-0.0004534306225796314,0.00050532043706221,-0.00045332783845062914,0.0005054481329424732,0.0009587759713931024
2024-02-12,2024-02-13,-0.013866623152169133,0.00042812721714903393,-0.013770924383606884,0.0004282188766862466,0.014199143260293132
2024-02-13,2024-02-14,0.009051718672202114,0.0003798977675616599,0.009092809364548768,0.00037996993785738113,0.008712839426691387
2024-02-14,2024-02-15,0.0068742980987845925,0.0005061711161569218,0.0068979803210775445,0.0005062992423733556,0.006391681078704189
2024-02-15,2024-02-16,-0.004991038883844112,0.0005178697171471806,-0.004978604344964416,0.0005180038348199776,0.005496608179784393
2024-02-16,2024-02-20,-0.005514910417803165,0.000489503557272903,-0.005499731216143369,0.000489623383690216,0.005989354599833584
2024-02-20,2024-02-21,0.0008935715399811528,0.0004645633319432179,0.0008939708939712803,0.00046467125820012447,0.0004292996357711558
2024-02-21,2024-02-22,0.02049761844133613,0.00047754027427938006,0.020709137361609526,0.00047765431478841576,0.02023148304682111
2024-02-22,2024-02-23,0.0006916614389709252,0.0005627371287790546,0.0006919006919015008,0.0005628954950219029,0.00012900519687959787
2024-02-23,2024-02-26,-0.0036875977692876205,0.0005415539808712115,-0.003680806930492082,0.0005417006477031176,0.0042225075781951995
2024-02-26,2024-02-27,0.0018556853515852012,0.0005487313180635935,0.0018574082011713394,0.0005488818986348044,0.001308526302536535
2024-02-27,2024-02-28,-0.0013047380143342835,0.0004950882868041939,-0.00130388721375544,0.0004952108632379435,0.0017990980769933837
2024-02-28,2024-02-29,0.0035839412801967896,0.0004687289303115992,0.003590371277029024,0.0004688388008824892,0.0031215324761465347
2024-02-29,2024-03-01,0.009347186026579912,0.0005750772697623991,0.009391007398976116,0.0005752426583977266,0.008815764740578389
2024-03-01,2024-03-04,-0.0010880297662172467,0.0005027970672764227,-0.001087438076442644,0.000502923490909443,0.001590361567352087
2024-03-04,2024-03-05,-0.010029158248330283,0.0004501095916282743,-0.00997903394887596,0.0004502109061508214,0.010429244855026783
2024-03-05,2024-03-06,0.0050372824000204375,0.0005221644905513968,0.005049990836710293,0.0005223008421606166,0.004527689994549677
2024-03-06,2024-03-07,0.009878714263084731,0.0005450416717768349,0.009927669834066651,0.0005451902339784591,0.009382479600088192
2024-03-07,2024-03-08,-0.0060164173633481255,0.0005811416480504719,-0.005998354966197164,0.0005813105435738444,0.0065796655097710086
2024-03-08,2024-03-11,-0.0008480223416915678,0.0005709051220460822,-0.0008476628723654174,0.000571068119392469,0.0014187309917578863
2024-03-11,2024-03-12,0.010688842424126044,0.0005636819307767605,0.010746172181148907,0.0005638408292909738,0.010182331351857933
2024-03-12,2024-03-13,-0.0015600315170107848,0.0004394830734113583,-0.001558815300371392,0.0004395796602461739,0.0019983949606175657
2024-03-13,2024-03-14,-0.001983551205846368,0.0005901467646412572,-0.0019815852682140782,0.000590320935503604,0.002571906203717682
2024-03-14,2024-03-15,-0.006882699740154763,0.0005637125139440705,-0.006859068209623117,0.0005638714297027902,0.007422939639325907
2024-03-15,2024-03-18,0.005919559829835386,0.0004925047220497463,0.005937115046749439,0.000492626022413217,0.0054444890243362225
2024-03-18,2024-03-19,0.005545393228314488,0.0005088031528170293,0.005560797382209869,0.0005089326150971954,0.005051864767112673
2024-03-19,2024-03-20,0.0092009035169891,0.0005361681927254224,0.00924336194849219,0.0005363119565835889,0.0087070499919086
2024-03-20,2024-03-21,0.003298019242455652,0.000620231270415553,0.003303463691571441,0.0006204236536019205,0.0026830400379695206
2024-03-21,2024-03-22,-0.0018945379837820298,0.0005925428583338851,-0.001892744479495492,0.0005927184465328315,0.0024854629260283234
2024-03-22,2024-03-25,-0.0027693177488039566,0.0005484442151807371,-0.0027654867256631395,0.0005485946382076092,0.0033140813638707486
2024-03-25,2024-03-26,-0.0018438666934086356,0.0005857459639138098,-0.00184216781554563,0.0005859175465805801,0.00242808536212621
2024-03-26,2024-03-27,0.008359319464541493,0.0005481130611056766,0.008394356135024256,0.0005482633025180603,0.007846092832506195
2024-03-27,2024-03-28,-0.00017713222967241649,0.0006202993297059458,-0.00017711654268525944,0.0006204917551202243,0.0007976082978054837
2024-03-28,2024-04-01,-0.0017533322721430267,0.000588827256404132,-0.0017517960830625537,0.0005890006492042063,0.0023407967322667603
2024-04-01,2024-04-02,-0.006369322294156987,0.0005254408762256866,-0.006349081157820511,0.0005255789444640641,0.006874660102284575
2024-04-02,2024-04-03,0.0010908046260729165,0.0004949483493787512,0.0010913997698145579,0.0004950708565237637,0.0005963289132907941
2024-04-03,2024-04-04,-0.012285509820568308,0.0005703770362620148,-0.012210351047593134,0.0005705397321749629,0.012780890779768097
2024-04-04,2024-04-05,0.010400644724773755,0.0005118294632737029,0.010454919430899347,0.0005119604703235764,0.009942958960575772
2024-04-05,2024-04-08,0.0005559085276578557,0.0004910067280834739,0.000556063073439863,0.0004911272916186804,6.493578182118257e-05
2024-04-08,2024-04-09,0.001150542667237353,0.0004905455462979913,0.0011512047953631242,0.0004906658834406331,0.0006605389119224911
2024-04-09,2024-04-10,-0.010062351401620262,0.0005184972912962631,-0.010011895321173088,0.0005186317342519026,0.01053052705542499
2024-04-10,2024-04-11,0.0075214575461037825,0.00047153466191563576,0.007549814759186441,0.00047164585186028064,0.0070781689073261605
2024-04-11,2024-04-12,-0.01388994611796246,0.0004180792690741704,-0.013793925902369008,0.00041816667639242333,0.014212092578761432
2024-04-12,2024-04-15,-0.012615008997800103,0.0004545864152886538,-0.012535773308073248,0.00045468975535153933,0.012990463063424787
2024-04-15,2024-04-16,-0.0018181266052401668,0.00043190711657331094,-0.0018164748142705139,0.00043200040188169707,0.002248475216152211
2024-04-16,2024-04-17,-0.005947271538810028,0.00047193620169543585,-0.005929621526571284,0.0004720475811053073,0.006401669107676592
2024-04-17,2024-04-18,-0.0020590119902283988,0.0004880449185970908,-0.0020568936791658336,0.0004881640318951334,0.002545057711060967
2024-04-18,2024-04-19,-0.00875682278488199,0.00047897173174347367,-0.00871859348269679,0.00047908645701936857,0.00919767993971616
2024-04-19,2024-04-22,0.009168964485030351,0.000705163613706298,0.009211128207260747,0.0007054123000187568,0.00850571590724199
2024-04-22,2024-04-23,0.011797371849005422,0.0004500944280352449,0.011867235305025531,0.0004501957357310922,0.011417039569294438
2024-04-23,2024-04-24,-0.0004887884254465291,0.000842239952327808,-0.0004886689878448023,0.0008425947359937913,0.0013312637238385937
2024-04-24,2024-04-25,-0.003796232822605994,0.0005222156348486055,-0.0037890362402984465,0.0005223520131718433,0.00431138825347029
2024-04-25,2024-04-26,0.009423183833270343,0.00046382813696825543,0.009467721816658302,0.0004639357218715693,0.009003786094786732
2024-04-26,2024-04-29,0.003538681440470981,0.0005945491283990577,0.0035449499655630526,0.0005947259077650344,0.002950224057798018
2024-04-29,2024-04-30,-0.01597234277241366,0.0003833226323708215,-0.015845461335056276,0.000383396109879296,0.016228857444935574
2024-04-30,2024-05-01,-0.003245888997293278,0.0004256594758031495,-0.003240626794650165,0.0004257500816531102,0.0036663768763032754
2024-05-01,2024-05-02,0.009298582103483,0.00036532459795301744,0.009341948228321517,0.0003653913371108568,0.008976556891210661
2024-05-02,2024-05-03,0.012318820180241552,0.00044885093636509537,0.012395009377803762,0.00044895168501977875,0.011946057692783984
2024-05-03,2024-05-06,0.010277253319639357,0.0003444421443415611,0.010330245670559226,0.0003445014713483387,0.009985744199210887
2024-05-06,2024-05-07,0.0011155157428559548,0.00012487709471088352,0.0011161381619601547,0.00012488489217984695,0.0009912532697803078
2024-05-07,2024-05-08,7.963209974093388e-05,0.0003598203446833833,7.963527046075159e-05,0.00035988508778866994,0.00028024981732791834
2024-05-08,2024-05-09,0.005756496899770092,0.0004584990967416098,0.005773097366273696,0.00045860422351869643,0.005314493142755
2024-05-09,2024-05-10,0.0012857158757029197,0.0003136513441685803,0.001286542762702045,0.0003137005378945214,0.0009728422248075237
2024-05-10,2024-05-13,0.00013836316399284954,0.00037241375194291027,0.00013837273661691901,0.00037248310655349807,0.00023411036993657906
2024-05-13,2024-05-14,0.004574952271699573,0.00042449626587810627,0.00458543334321556,0.00042458637716816277,0.004160846966047398
2024-05-14,2024-05-15,0.012299364103078858,0.00046296688193337327,0.012375312333996406,0.00046307406764076295,0.011912238266355643
2024-05-15,2024-05-16,-0.002062137181933821,0.0004999533268960124,-0.0020600124378108288,0.0005000783243906527,0.0025600907622014817
2024-05-16,2024-05-17,0.0014400531805343064,0.00046668105146762865,0.0014410905550140665,0.0004667899640113427,0.0009743005910027237
2024-05-17,2024-05-20,0.0011660902320294042,0.000499227812356743,0.0011667703795894713,0.0004993524473006055,0.0006674179322888658
2024-05-20,2024-05-21,0.0024443723735041445,0.0005196887631707807,0.002447362287312237,0.0005198238247717159,0.0019275384625405214
2024-05-21,2024-05-22,-0.002891212926861897,0.0004928639159643976,-0.002887037395853441,0.0004929853933406796,0.0033800227891941205
2024-05-22,2024-05-23,-0.007333327190386818,0.00044350066964182186,-0.007306503954450936,0.00044359903060432174,0.007750102985055257
2024-05-23,2024-05-24,0.006594631149642538,0.0004593217964491536,0.006616423607712502,0.00045942730085837347,0.0061569963068541286
2024-05-24,2024-05-28,0.0006998309027688165,0.0005114924046331671,0.0007000758415502954,0.0005116232391791738,0.0001884526023711216
2024-05-28,2024-05-29,-0.0070204465492480495,0.0004192061310426311,-0.006995860782370678,0.00041929401021218284,0.007415154792582861
2024-05-29,2024-05-30,-0.00665628470036328,0.0004439924274214596,-0.006634180708037652,0.00044409100664820036,0.007078271714685852
2024-05-30,2024-05-31,0.009060484410037262,0.000501157714372572,0.009101654846335521,0.0005012833148809211,0.0086003715314546
2024-05-31,2024-06-03,0.0008196241896696321,0.0005295832164312298,0.0008199601733629621,0.0005297234703804124,0.0002902367029825497
2024-06-03,2024-06-04,0.001111273692370851,0.0005233170850677867,0.0011118913857681456,0.0005234540393426774,0.0005884373464254682
2024-06-04,2024-06-05,0.011815889224255471,0.0004894267274853654,0.011885972603807164,0.0004895465162879707,0.011396426087519193
2024-06-05,2024-06-06,-1.9256506292641973e-05,0.0005264179256450899,-1.9256320887314763e-05,0.0005265565078776339,0.0005458128287649487
2024-06-06,2024-06-07,-0.0012139080654787193,0.0005328319174004511,-0.0012131715771228646,0.0005329738975426154,0.0017461454746654798
2024-06-07,2024-06-10,0.003080064806256999,0.0004885457625019207,0.0030848130796073845,0.0004886651204194269,0.0025961479591879574
2024-06-10,2024-06-11,0.0024188915614491435,0.000526884599380942,0.0024218194399063917,0.0005270234274525282,0.0018947960124538635
2024-06-11,2024-06-12,0.008173131600694106,0.0005551854458314046,0.008206622821314371,0.0005553395897958781,0.007651283231518493
2024-06-12,2024-06-13,0.0020139080409329324,0.0005959116127384955,0.0020159373157605776,0.0005960892033379422,0.0014198481124226355
2024-06-13,2024-06-14,0.0006071760807371263,0.0005202595072198233,0.0006073604494465046,0.0005203948656700721,8.696558377643251e-05
2024-06-14,2024-06-17,0.007935200057750613,0.0005316487387878146,0.007966767199681264,0.0005317900890269909,0.007434977110654273
2024-06-17,2024-06-18,0.0025372853396747885,0.0005684896324441915,0.0025405069722797624,0.0005686512533004324,0.00197185571897933
2024-06-18,2024-06-20,-0.0027254887504764014,0.0005622102949264513,-0.002721777978000341,0.0005623683647557525,0.0032841463427560934
2024-06-20,2024-06-21,-0.0013372637061150883,0.0005216554392511488,-0.0013363699674377326,0.0005217915251120801,0.0018581614925498127
2024-06-21,2024-06-24,-0.003265910041636566,0.0004966703560267179,-0.003260582758490412,0.0004967937171704249,0.003757376475660837
2024-06-24,2024-06-25,0.0038500056991939147,0.0005752239947076776,0.003857426491443778,0.000575389467756223,0.003282037023687555
2024-06-25,2024-06-26,0.0012424232613579278,0.0005224585409436807,0.0012431953888747285,0.0005225950461789235,0.0007206003426958051
2024-06-26,2024-06-27,0.0015790367399199923,0.00046914115077440914,0.001580284074875842,0.00046925121469524933,0.0011110328601805926
2024-06-27,2024-06-28,-0.003952276759862983,0.0005519775144129325,-0.003944476793328726,0.000552129882034352,0.004496606675363078
2024-06-28,2024-07-01,0.002072188217944415,0.0005383437466360194,0.002074336683701888,0.0005384886796375488,0.0015358480040643394
2024-07-01,2024-07-02,0.006695762813108352,0.0005047569927063922,0.0067182295489192825,0.0005048844039535728,0.00621334514496571
2024-07-02,2024-07-03,0.004457673541439,0.0004962150258718,0.004467623747569728,0.000496338160914061,0.0039712855866556665
2024-07-03,2024-07-05,0.005752474575049682,0.000582679345011104,0.005769051828417276,0.0005828491355968763,0.005186202692820399
2024-07-05,2024-07-08,0.0011465346325874037,0.0005224522944099664,0.0011471921546858728,0.0005225887963808213,0.0006246033583050516
2024-07-08,2024-07-09,0.0009790611032656216,0.0004674769893415856,0.0009795405400407848,0.0004675862737380177,0.0005119542663027671
2024-07-09,2024-07-10,0.00984795200747346,0.0005225008213387476,0.009896602658788963,0.0005226373486704098,0.009373965310118554
2024-07-10,2024-07-11,-0.008666965746797928,0.0005286853258496301,-0.00862951586953404,0.0005288251045684149,0.009158340974102454
2024-07-11,2024-07-12,0.006287363298667081,0.0005581874695802474,0.006307170256713387,0.0005583432851959386,0.005748826971517448
2024-07-12,2024-07-15,0.0027451930638360267,0.00048695895545676667,0.0027489645566839095,0.0004870775392166099,0.0022618870174672995
2024-07-15,2024-07-16,0.0059221908374942345,0.00047241497028063025,0.005939761678485099,0.0004725265758067181,0.0054672351026783805
2024-07-16,2024-07-17,-0.014125200545732852,0.0005524532774841374,-0.014025907959521565,0.0005526059079018031,0.014578513867423369
2024-07-17,2024-07-18,-0.007713618401971267,0.0004645610965716822,-0.007683944793528268,0.0004646690217898783,0.008148613815318147
2024-07-18,2024-07-19,-0.006670045036966776,0.0004466237737788311,-0.006647849662036598,0.00044672352502635686,0.007094573187062955
2024-07-19,2024-07-22,0.010266037716233356,0.0004561426338060402,0.01031891427075906,0.0004562466826770019,0.009862667588082057
2024-07-22,2024-07-23,-0.0015739723823111618,0.0005409621771249481,-0.0015727343374157025,0.0005411085235515922,0.0021138428609672947
2024-07-23,2024-07-24,-0.022925305088780767,0.00048395064578426203,-0.022664516965956883,0.00048406776879119577,0.023148584734748078
2024-07-24,2024-07-25,-0.005228099093762317,-0.0011627631258074532,-0.005214456369221788,-0.0011620873787007335,0.004052368990521055
2024-07-25,2024-07-26,0.011145555792305473,0.00048706337457750425,0.011207898900176885,0.0004871820092030101,0.010720716890973874
2024-07-26,2024-07-29,0.0005841727055981849,0.0004910949752909244,0.000584343367703598,0.0004912155821706386,9.312778553295946e-05
2024-07-29,2024-07-30,-0.005080515201106195,0.000446695846192026,-0.005067631212087106,0.0004467956296385925,0.005514426841725699
2024-07-30,2024-07-31,0.01613407773238862,0.0004853828956305094,0.016264934769847854,0.00048550071296959735,0.015779434056878257
2024-07-31,2024-08-01,-0.014280193504249361,0.0005458658589069515,-0.014178715158741697,0.0005460148707871775,0.014724730029528874
2024-08-01,2024-08-02,-0.01879162863362538,0.0004211629634487738,-0.018616166770615273,0.00042125166502183305,0.019037418435637107
2024-08-02,2024-08-05,-0.02955071384071495,-0.00041916619416884924,-0.029118360744135287,-0.00041907835629300034,0.028699282387842286
2024-08-05,2024-08-06,0.009181350468675298,-0.0003250515566594958,0.009223628357202189,-0.00032499873312586477,0.009548627090328055
2024-08-06,2024-08-07,-0.006704949294250362,0.003099474178993791,-0.006682521275968212,0.0031042825155752195,0.009786803791543432
2024-08-07,2024-08-08,0.02284785341105522,0.0014649506340536755,0.023110864876629396,0.0014660241984093723,0.021644840678220024
2024-08-08,2024-08-09,0.004399767812297561,0.0016393173549528147,0.0044094610014120215,0.0016406617701886456,0.002768799231223376
2024-08-09,2024-08-12,0.0005197455288952213,0.0012563800538793516,0.0005198806200059444,0.0012571696299338232,0.0007372890099278789
2024-08-12,2024-08-13,0.016320426379395236,0.0012337508962792366,0.016454332011854297,0.0012345122800033602,0.015219819731850937
2024-08-13,2024-08-14,0.0031568725946131693,0.00028682456690541517,0.003161860764526951,0.00028686570500455053,0.0028749950595224004
2024-08-14,2024-08-15,0.016992062710922795,-2.2529445310838416e-05,0.0171372489808242,-2.25291915247913e-05,0.017159778172348993
2024-08-15,2024-08-16,0.002242714438011717,0.0003993574953647834,0.0022452312031471014,0.0003994372491857442,0.0018457939539613573
2024-08-16,2024-08-19,0.009507911908954725,-0.00037477834407343314,0.009553255697702726,-0.0003747081234425045,0.00992796382114523
2024-08-19,2024-08-20,-0.0016334924573024878,0.0005265868648161553,-0.0016321590346425633,0.0005267255360189969,0.0021588845706615603
2024-08-20,2024-08-21,0.0034290882345509033,0.0004235020763436448,0.0034349742836152757,0.00042359176600878474,0.003011382517606491
2024-08-21,2024-08-22,-0.007865807926924262,0.0005294141170194965,-0.007834953411317,0.0005295542814070567,0.008364507692724057
2024-08-22,2024-08-23,0.0105714273906381,0.0004904997735659946,0.010627502352441738,0.0004906200882505665,0.01013688226419117
2024-08-23,2024-08-26,-0.002394466456289379,0.0004374423036330905,-0.0023916020082153026,0.0004375379954703049,0.0028291400036856073
2024-08-26,2024-08-27,0.0013715792682660322,0.00046848711042751513,0.0013725203133007071,0.0004685968676531129,0.0009039234456475942
2024-08-27,2024-08-28,-0.00582846224762168,0.0004907667491814458,-0.005811509713262049,0.0004908871948852731,0.006302396908147322
2024-08-28,2024-08-29,9.190585171037213e-05,0.0003690123287366747,9.191007518254771e-05,0.00036908042216156806,0.00027717034697902036
2024-08-29,2024-08-30,0.009512382852765455,0.00031496922009474285,0.009557769363673058,0.00031501882810774207,0.009242750535565315
2024-08-30,2024-09-03,-0.020806298704488135,0.0003234426042655174,-0.020591341077085625,0.0003234949174645982,0.020914835994550223
2024-09-03,2024-09-04,-0.0020468931597736884,-0.0007177685545220135,-0.0020447997025746065,-0.0007175110202934256,0.001327288682281181
2024-09-04,2024-09-05,-0.0024244696695063794,0.00037341641264476786,-0.0024215330166718605,0.00037348614123238036,0.002795019157904241
2024-09-05,2024-09-06,-0.01698594620292937,0.00042237383445466355,-0.01684249836616481,0.0004224630468425635,0.017264961413007374
2024-09-06,2024-09-09,0.011143123535791943,0.0003198164304569199,0.01120543938616934,0.0003198675771838909,0.01088557180898545
2024-09-09,2024-09-10,0.004347914419014387,0.0004002555209476533,0.004357380312905256,0.0004003356338768688,0.003957044679028387
2024-09-10,2024-09-11,0.010195626841031924,0.0004771752101319249,0.010247779336138586,0.0004772890763331631,0.009770490259805423
2024-09-11,2024-09-12,0.008387068638370465,0.00046217757795901716,0.008422338633544616,0.0004622843984718493,0.007960054235072766
2024-09-12,2024-09-13,0.0052178329860037564,0.0005486354987446192,0.005231469584052484,0.0005487860267269335,0.00468268355732555
2024-09-13,2024-09-16,0.0014780080605332202,0.0005269656275480634,0.0014791008527656451,0.0005271044983266765,0.0009519963544389686
2024-09-16,2024-09-17,0.0004010573383439464,0.0005439156761460347,0.0004011377725908218,0.000544063625100116,0.0001429258525092942
2024-09-17,2024-09-18,-0.0029752963017806167,0.0004516923907668677,-0.0029708744942219195,0.00045179441913604054,0.0034226689133579602
2024-09-18,2024-09-19,0.016929895026067676,0.0005025707161991268,0.01707401787836115,0.0005026970260205034,0.016571320852340646
2024-09-19,2024-09-20,-0.0017269607990639813,0.0003793432020357649,-0.0017254704603055524,0.0003794151617670876,0.00210488562207264
2024-09-20,2024-09-23,0.0024815693367949976,0.00056315155915868,0.002484650978556991,0.0005633101587684468,0.001921340819788544
2024-09-23,2024-09-24,0.0028694938895350575,0.0005474448456539073,0.002873614827852474,0.0005475947209316588,0.0023260201069208153
2024-09-24,2024-09-25,-0.002205191158521025,0.0005557862881817594,-0.0022027615107722744,0.0005559407659983835,0.002758702276770658
2024-09-25,2024-09-26,0.003958698621854495,0.0005022496013737713,0.003966544619140341,0.0005023757498232636,0.0034641688693170776
2024-09-26,2024-09-27,-0.001467010424827997,0.0005435060633362682,-0.0014659348910387707,0.0005436537895188564,0.0020095886805576273
2024-09-27,2024-09-30,0.004002363875493131,0.0005411715303212825,0.0040103840300783735,0.0005413179900526518,0.0034690660400257217
2024-09-30,2024-10-01,-0.008991964291166887,0.0003779595605927653,-0.00895165748319354,0.0003780309963071406,0.009329688479500681
2024-10-01,2024-10-02,0.00041375464939896744,0.0005260942401257482,0.0004138402576604487,0.000526232651971989,0.00011239239431154035
2024-10-02,2024-10-03,-0.0018181986844920672,0.0005327972521880787,-0.0018165467625896757,0.0005329392138551909,0.0023494859764448665
2024-10-03,2024-10-04,0.009040258156778336,0.00046363282600664905,0.009081244707111616,0.00046374032031731296,0.008617504386794303
2024-10-04,2024-10-07,-0.00907629549146094,0.0005775476667907387,-0.009035230255521784,0.0005777144795570087,0.009612944735078793
2024-10-07,2024-10-08,0.009415505492482268,0.0005223434734239595,0.009459970809233106,0.0005224799185321102,0.008937490890700995
2024-10-08,2024-10-09,0.006901977022040207,0.000574287476213072,0.00692585055870839,0.000574452410837525,0.006351398147870865
2024-10-09,2024-10-10,-0.001756549808023422,0.0006097422372248681,-0.0017550079773090011,0.0006099281678107863,0.0023649361451197875
2024-10-10,2024-10-11,0.005966784405611492,0.0005939587973834247,0.0059846211219832576,0.0005941352258386014,0.005390485896144656
2024-10-11,2024-10-14,0.008140060242288527,0.0005852484984988174,0.008173280610083317,0.0005854197898156805,0.007587860820267637
2024-10-14,2024-10-15,-0.007787065074656319,0.0006113721382440593,-0.007756824429618988,0.0006115590642816195,0.008368383493900608
2024-10-15,2024-10-16,0.004331679045103343,0.0005509358332276262,0.0043410743276628,0.0005510876262485849,0.0037899867014142153
2024-10-16,2024-10-17,8.784798789829296e-05,0.0006801263406255427,8.785184664577542e-05,0.0006803576789886145,0.0005925058323428391
2024-10-17,2024-10-18,0.0038401898898579034,0.0005262111043298726,0.003847572866705529,0.0005263495776807057,0.003321223289024823
2024-10-18,2024-10-21,-0.0016464945654437457,0.000563731105340522,-0.0016451398368864689,0.000563890031582572,0.002209029868469041
2024-10-21,2024-10-22,-0.0005260481630715574,0.000567697029000919,-0.0005259098239953577,0.0005678581994565073,0.001093768023451865
2024-10-22,2024-10-23,-0.00918011503983518,0.00048856998495298,-0.009138106430000048,0.0004886893547074466,0.009626795784707494
2024-10-23,2024-10-24,0.002157231094389367,0.0005445415382349361,0.0021595595914543813,0.0005446898278937725,0.0016148697635606087
2024-10-24,2024-10-25,-0.0003533256816199426,0.0005570284321098398,-0.00035326326945212016,0.0005571836012568006,0.0009104468707089207
2024-10-25,2024-10-28,0.0030873750982518544,0.0005510852318174331,0.0030921459492892775,0.0005512371071812721,0.0025409088421080054
2024-10-28,2024-10-29,0.001619262533477439,0.0004523057268990841,0.0016205742469608865,0.0004524080325582741,0.0011681662144026124
2024-10-29,2024-10-30,-0.0030294513799002942,0.0005329044216347768,-0.0030248672223978767,0.0005330464404224353,0.003557913662820312
2024-10-30,2024-10-31,-0.019792396267197532,0.0004928596844296243,-0.019597812665373197,0.0004929811597198303,0.020090793825093028
2024-10-31,2024-11-01,0.004201385094204646,0.0005070774093890101,0.004210223285773537,0.0005072059948719125,0.0037030172909016243
2024-11-01,2024-11-04,-0.002152351377076478,0.0004357897725392722,-0.002150036729793847,0.00043588474269737066,0.0025859214724912177
2024-11-04,2024-11-05,0.012029415093352647,0.0005008813658321548,0.012102059504785288,0.000501006827849795,0.011601052676935493
2024-11-05,2024-11-06,0.024551108269385225,0.0005236868719625978,0.02485496833253488,0.0005238240198723392,0.02433114431266254
2024-11-06,2024-11-07,0.00770806434009863,0.0005001434874371101,0.007737847943497958,0.0005002685800450048,0.007237579363452953
2024-11-07,2024-11-08,0.004319439019017324,0.0006167809375378535,0.004328781241947768,0.0006169711860121755,0.0037118100559355924
2024-11-08,2024-11-11,0.0009573468548946806,0.0005854062130049701,0.000957805257666782,0.0005855775966634705,0.0003722276610033115
2024-11-11,2024-11-12,-0.0031147341720361155,0.0005180849631831501,-0.0031098884199370425,0.0005182191923773967,0.003628107612314439
2024-11-12,2024-11-13,0.00047982178968730693,0.0006025451871190124,0.00047993692257592286,0.0006027267539358452,0.00012278983135992236
2024-11-13,2024-11-14,-0.006445370061126887,0.0005579514025492051,-0.006424643218146654,0.0005581070863863339,0.0069827503045329885
2024-11-14,2024-11-15,-0.012894447388708485,0.0005834104324841034,-0.012811670172776362,0.0005835806494509777,0.01339525082222734
2024-11-15,2024-11-18,0.004096330366084366,0.00044771725169929057,0.004104731795077603,0.00044781749202724163,0.0036569143030503615
2024-11-18,2024-11-19,0.0036464071241155693,0.0005386287075879056,0.0036530633545559846,0.0005387737940783048,0.00311428956047768
2024-11-19,2024-11-20,0.0003292580459683947,0.00045809545666763925,0.00032931225734849327,0.00045820039841518325,0.00012888814106668998
2024-11-20,2024-11-21,0.005356847093625383,0.0005607121717064054,0.005371220653209915,0.0005608694001614183,0.004810351253048497
2024-11-21,2024-11-22,0.003097309539703552,0.00039147683799585595,0.0031021111589831824,0.0003915534750534176,0.002710557683929765
2024-11-22,2024-11-25,0.003378874122918596,0.0004238050708481346,0.0033845889528387354,0.00042389488890517415,0.0029606940639335614
2024-11-25,2024-11-26,0.005208834327055101,0.00032160095437606733,0.005222423889592862,0.0003216526735071538,0.004900771216085708
2024-11-26,2024-11-27,-0.003019526847048759,0.0005356125711721249,-0.0030149726608410927,0.0005357560371982494,0.003550728698039342
2024-11-27,2024-11-29,0.006182794790876578,0.00042419157498424184,0.006201947719118509,0.0004242815569531336,0.005777666162165376
2024-11-29,2024-12-02,0.0017982565155323371,0.0006033564936913676,0.001799874348394319,0.0006035385498336849,0.001196335798560634
2024-12-02,2024-12-03,0.00045753019226424385,0.0005833631234770871,0.00045763487516724814,0.0005835333128364601,0.00012589843766921195
2024-12-03,2024-12-04,0.00619834950467002,0.0006741880418458171,0.006217599024159154,0.0006744153576853711,0.0055431836664737826
2024-12-04,2024-12-05,-0.001651388889714056,0.0007168210906065,-0.001650026097351466,0.000717078068243131,0.002367104165594597
2024-12-05,2024-12-06,0.00188707912649555,0.000621357141552321,0.0018888607808416925,0.0006215502238899591,0.0012673105569517334
2024-12-06,2024-12-09,-0.005164219800577463,0.0006438336414456626,-0.005150908142137838,0.0006440409468122605,0.005794949088950099
2024-12-09,2024-12-10,-0.003101198055665222,0.0006221462811041609,-0.003096394308048973,0.0006223398542432282,0.0037187341622922014
2024-12-10,2024-12-11,0.007692930889941607,0.00048716113428320295,0.0077225975084009,0.0004872798165402596,0.007235317691860641
2024-12-11,2024-12-12,-0.00516718474914768,0.0005277616356957732,-0.005153857814157508,0.0005279009263708431,0.005681758740528352
2024-12-12,2024-12-13,-0.00020317976399475413,0.0005083773753068834,-0.0002031591243843797,0.0005085066209856771,0.0007116657453700568
2024-12-13,2024-12-16,0.004274991091969049,0.0004614750283435958,0.004284141901617064,0.0004615815243256036,0.0038225603772914602
2024-12-16,2024-12-17,-0.004139533329185596,0.0005808804256804296,-0.004130977271194447,0.0005810491693866226,0.00471202644058107
2024-12-17,2024-12-18,-0.030251692455486534,0.0005580317748486313,-0.029798689534903538,0.0005581875035453415,0.03035687703844888
2024-12-18,2024-12-19,-0.000314169025518396,-0.0013860350866082274,-0.00031411967959788694,-0.001385074983607618,0.001070955304009731
2024-12-19,2024-12-20,0.011938575572661314,0.0005797958484940438,0.012010124814523982,0.0005799639625960588,0.011430160851927922
2024-12-20,2024-12-23,0.005967702782152529,0.0011276261809759804,0.00598554499508417,0.0011282621904158245,0.004857282804668346
2024-12-23,2024-12-24,0.011066794393085111,0.000674501047302435,0.011128257887516793,0.0006747285742866952,0.010453529313230098
2024-12-24,2024-12-26,6.782995034093631e-05,0.0006799500299804526,6.783225084403197e-05,0.0006801812484047765,0.0006123489975607446
2024-12-26,2024-12-27,-0.010586077977504438,0.0005944994375950158,-0.010530242653417773,0.0005946761874098195,0.011124918840827593
2024-12-27,2024-12-30,-0.011479124308163335,0.0005355274784111963,-0.011413490540170405,0.0005356708988519829,0.011949161439022388
2024-12-30,2024-12-31,-0.0036470403912005622,0.0005133872950712944,-0.003640398016849114,0.0005135191008835094,0.004153917117732623
2024-12-31,2025-01-02,-0.002456211876692649,0.0005268534403688816,-0.0024531978564967948,0.0005269922520194241,0.0029801901085162188
2025-01-02,2025-01-03,0.012427903117848693,0.0011589322649419058,0.01250545042295281,0.001159604086446073,0.011345846336506737
2025-01-03,2025-01-06,0.005736974459789934,0.0008304282050471531,0.005753462413008428,0.000830773106014245,0.004922689306994183
2025-01-06,2025-01-07,-0.011368456460724374,0.0007408899983322536,-0.011304079745144371,0.0007411645251209325,0.012045244270265303
2025-01-07,2025-01-08,0.0014713903829139952,0.0005112922472712072,0.0014724734088629782,0.0005114229794320977,0.0009610504294308805
2025-01-08,2025-01-10,-0.015391757506671766,0.0005092038612721188,-0.015273909809552084,0.0005093335275662113,0.015783243337118294
2025-01-10,2025-01-13,0.0015446187161449743,-0.00018733414437963525,0.0015458122540753408,-0.00018731659843447868,0.0017331288525098195
2025-01-13,2025-01-14,0.0013846169540423503,0.0010202806881360268,0.0013855759786732386,0.0010208013515365327,0.00036477462713670585
2025-01-14,2025-01-15,0.01801694169176482,0.0010767422277620964,0.01818022593922397,0.0010773221227884304,0.01710290381643554
2025-01-15,2025-01-16,-0.0019284748645906902,0.0006906007174290806,-0.001926616551700861,0.0006908392370086416,0.0026174557887095025
2025-01-16,2025-01-17,0.00999793965828033,0.0005731138763436616,0.010048086037813691,0.0005732781374799039,0.009474807900333787
2025-01-17,2025-01-21,0.009104560785265114,6.846528108369116e-05,0.00914613336973642,6.846762488453743e-05,0.009077665744851882
2025-01-21,2025-01-22,0.005614913624659046,0.0005068916758249665,0.0056307067974294,0.000507020167119949,0.005123686630309451
2025-01-22,2025-01-23,0.005433064425098166,0.0006093499830767403,0.005447850285003566,0.0006095356744927832,0.004838314610510782
2025-01-23,2025-01-24,-0.002914086805100524,0.0006210118217131103,-0.0029098449755003103,0.000621204689476785,0.003531049664977095
2025-01-24,2025-01-27,-0.014256757412248966,0.000672707780477012,-0.014155611089680721,0.0006729340991018907,0.014828545188782611
2025-01-27,2025-01-28,0.008571674653294892,0.0006124336558003589,0.008608516647102363,0.0006126212315823568,0.007995895415520007
2025-01-28,2025-01-29,-0.004496896947795648,0.00025110740060276486,-0.004486801045795811,0.0002511389307051757,0.004737939976500987
2025-01-29,2025-01-30,0.00535677847201832,0.00039429009867325505,0.0053711516630234254,0.00039436784123158213,0.004976783821791843
2025-01-30,2025-01-31,-0.005339834919463549,0.00035131577431902984,-0.005325603343669901,0.0003513774929330352,0.005676980836602936
2025-01-31,2025-02-03,-0.00674925846887664,0.0005177881281412722,-0.006726533378515159,0.0005179222035539813,0.007244455582069141
2025-02-03,2025-02-04,0.00668148253608436,0.0006696507016817929,0.0067038534363639,0.0006698749677701119,0.006033978468593788
2025-02-04,2025-02-05,0.004041571058411186,0.00060210321086204,0.0040497492205507375,0.0006022845113856886,0.0034474647091650486
2025-02-05,2025-02-06,0.0034704708170449905,0.0004006160484926019,0.0034764998734281662,0.00040069630581885665,0.0030758035676093096
2025-02-06,2025-02-07,-0.009190961656261543,0.0004028937536246854,-0.009148853870604313,0.00040297492621398404,0.009551828796818297
2025-02-07,2025-02-10,0.006766269027162153,0.00044488066501695105,0.006789211942224224,0.000444979639096678,0.006344232303127546
2025-02-10,2025-02-11,0.0007583481855526486,0.0005853771093024335,0.0007586358042383554,0.0005855484759188814,0.00017308732831947398
2025-02-11,2025-02-12,-0.003222734011806061,0.000612819539387627,-0.003217546578619345,0.0006130073516446022,0.003830553930263947
2025-02-12,2025-02-13,0.010490488418667177,0.0006419927228378156,0.010545706511636077,0.0006421988442730311,0.009903507667363046
2025-02-13,2025-02-14,-3.344817206141215e-05,0.0005079230738717052,-3.344761267754183e-05,0.0005080520886384585,0.0005414997013160004
2025-02-14,2025-02-18,0.0029224893672470387,0.0006117721964015657,0.0029267640024755277,0.0006119593671783906,0.002314804635297137
2025-02-18,2025-02-19,0.0023484941297038375,0.0006664055438442118,0.0023512540021343024,0.000666627641351575,0.0016846263607827273
2025-02-19,2025-02-20,-0.004167784107156791,0.0005905966033356976,-0.004159110948442944,0.0005907710398484806,0.0047498819882914245
2025-02-20,2025-02-21,-0.01725488072261161,0.0006358212386935317,-0.01710686780601114,0.0006360234158645613,0.017742891221875702
2025-02-21,2025-02-24,-0.00454844357155082,-0.00034251560591035503,-0.0045381150675619635,-0.0003424569541367827,0.00419565811342518
2025-02-24,2025-02-25,-0.004998127552592102,0.0005207293555791175,-0.004985657697035908,0.0005208649586464763,0.005506522655682385
2025-02-25,2025-02-26,0.000514659221186875,0.000615009227091223,0.0005147916809667591,0.000615198384041696,0.00010040670307493685
2025-02-26,2025-02-27,-0.01609633563222701,0.001119382996491912,-0.015967481905807535,0.0011200097394716583,0.017087491645279194
2025-02-27,2025-02-28,0.015478712774273262,7.484703170565845e-05,0.015599128540304671,7.484983281462049e-05,0.01552427870749005
2025-02-28,2025-03-03,-0.0176597387206332,0.0011372107024698892,-0.01750471940964417,0.0011378575717464435,0.018642576981390616
2025-03-03,2025-03-04,-0.011913479276095984,-0.0005482039108613134,-0.01184279475982567,-0.0005480536745520031,0.011294741085273667
2025-03-04,2025-03-05,0.010690023735912213,0.0006437655133366486,0.010747366188220179,0.0006439727748282768,0.010103393413391901
2025-03-05,2025-03-06,-0.017910399800633137,0.0015915743813756074,-0.01775096187478136,0.001592841608087346,0.019343803482868707
2025-03-06,2025-03-07,0.005592806091454072,0.00012870891087097717,0.00560847502893262,0.00012871719421822235,0.0054797578347143975
2025-03-07,2025-03-10,-0.027008056744161735,0.0004551420687963643,-0.026646600566572216,0.0004552456616636529,0.02710184622823587
2025-03-10,2025-03-11,-0.008347614071126053,-0.0006844842483887763,-0.008312869486129883,-0.0006842500424854287,0.007628619443644455
2025-03-11,2025-03-12,0.005305246330899571,0.001979429811317633,0.005319344069848774,0.001981390175761151,0.003337953894087623
2025-03-12,2025-03-13,-0.013427211877375278,0.0020129253836465525,-0.013337468982630744,0.0020149526779824865,0.01535242166061323
2025-03-13,2025-03-14,0.020445294899852584,0.0007866307419463713,0.02065573164191853,0.0007869402170506828,0.019868791424867846
2025-03-14,2025-03-17,0.007688597082743165,0.0006654186279464603,0.007718230242417236,0.0006656400680357325,0.007052590174381503
2025-03-17,2025-03-18,-0.010864268683576483,0.0014159087639209018,-0.010805465659834755,0.001416911636004046,0.012222377295838801
2025-03-18,2025-03-19,0.010828309748676546,0.000523705711595362,0.01088714807611961,0.0005238428693739331,0.010363305206745676
2025-03-19,2025-03-20,-0.0028989441863966903,0.0006470703668335357,-0.0028947463051530124,0.0006472797620253917,0.003542026067178404
2025-03-20,2025-03-21,0.0003245231341351129,0.00039625968128423697,0.0003245757974640761,0.0003963382025230005,7.17624050589244e-05
2025-03-21,2025-03-24,0.01775934619149311,0.00044340112261734955,0.01791798107255532,0.0004434994394258429,0.017474481633129476
2025-03-24,2025-03-25,0.0023878390799740856,0.0003892523706451603,0.0023906922382189682,0.00038932813917989513,0.0020013640990390732
2025-03-25,2025-03-26,-0.011996624908690023,0.0005123214721317762,-0.011924952300190058,0.0005124527311918344,0.012437405031381892
2025-03-26,2025-03-27,-0.0026676469820916537,0.00038597662115912517,-0.002664091973752826,0.0003860511197197585,0.0030501430934725847
2025-03-27,2025-03-28,-0.020338087947685324,0.0005472969460127012,-0.02013266403728945,0.0005474467403123332,0.020680110777601783
