issue_date,target_date,actual_return,predicted_return,MAE_log_return
2024-01-02,2024-01-03,-0.008205759326630258,0.0004267665609473147,0.008632525887577572
2024-01-03,2024-01-04,-0.003221680707016006,0.00037277146253135397,0.00359445216954736
2024-01-04,2024-01-05,0.001369379134387394,0.00040247910604710856,0.0009669000283402854
2024-01-05,2024-01-08,0.014179350218027409,0.0004581551257152065,0.013721195092312202
2024-01-08,2024-01-09,-0.0015244237364901991,0.0004890720060663983,0.0020134957425565975
2024-01-09,2024-01-10,0.005650469243462908,0.00044390235259312346,0.005206566890869784
2024-01-10,2024-01-11,-0.0004552006754883209,0.00043820425177683704,0.0008934049272651579
2024-01-11,2024-01-12,0.0006935564551193707,0.00048326331994271777,0.00021029313517665293
2024-01-12,2024-01-16,-0.0036682951023063737,0.000498006268225944,0.004166301370532317
2024-01-16,2024-01-17,-0.005582464669845244,0.00041026952123894003,0.0059927341910841845
2024-01-17,2024-01-18,0.0088606934559321,0.00041770475802799185,0.008442988697904108
2024-01-18,2024-01-19,0.012385859855340797,0.0005040625474328857,0.011881797307907912
2024-01-19,2024-01-22,0.002117127059190871,0.00041889496108324576,0.0016982320981076251
2024-01-22,2024-01-23,0.0029010878087172287,0.0005201440759486516,0.002380943732768577
2024-01-23,2024-01-24,0.001107019038819601,0.00047758052347076247,0.0006294385153488386
2024-01-24,2024-01-25,0.005410981553319871,0.0004884078398634375,0.004922573713456434
2024-01-25,2024-01-26,-0.0012705405741018083,0.0004953727375972903,0.0017659133116990986
2024-01-26,2024-01-29,0.007893500388559183,0.00045531033605747406,0.007438190052501709
2024-01-29,2024-01-30,-0.0007781365075745228,0.0004290695059039069,0.0012072060134784297
2024-01-30,2024-01-31,-0.016439540002642694,0.00048217919039327754,0.01692171919303597
2024-01-31,2024-02-01,0.013004305483950596,0.00040044343413876037,0.012603862049811836
2024-02-01,2024-02-02,0.010458545042948408,0.0005199435585405274,0.00993860148440788
2024-02-02,2024-02-05,-0.003641771328537935,0.0005346669633325432,0.0041764382918704785
2024-02-05,2024-02-06,0.002910295910068861,0.0005110007308893747,0.002399295179179486
2024-02-06,2024-02-07,0.008286535028975806,0.00046772014868790403,0.007818814880287902
2024-02-07,2024-02-08,0.00045605307589813293,0.0005174760482617671,6.142297236363416e-05
2024-02-08,2024-02-09,0.0057656104582965995,0.000485677379702606,0.005279933078593994
2024-02-09,2024-02-12,-0.0004534306225796314,0.00050532043706221,0.0009587510596418414
2024-02-12,2024-02-13,-0.013866623152169133,0.00042812721714903393,0.014294750369318166
2024-02-13,2024-02-14,0.009051718672202114,0.0003798977675616599,0.008671820904640453
2024-02-14,2024-02-15,0.0068742980987845925,0.0005061711161569218,0.006368126982627671
2024-02-15,2024-02-16,-0.004991038883844112,0.0005178697171471806,0.005508908600991293
2024-02-16,2024-02-20,-0.005514910417803165,0.000489503557272903,0.006004413975076068
2024-02-20,2024-02-21,0.0008935715399811528,0.0004645633319432179,0.0004290082080379349
2024-02-21,2024-02-22,0.02049761844133613,0.00047754027427938006,0.02002007816705675
2024-02-22,2024-02-23,0.0006916614389709252,0.0005627371287790546,0.00012892431019187066
2024-02-23,2024-02-26,-0.0036875977692876205,0.0005415539808712115,0.004229151750158832
2024-02-26,2024-02-27,0.0018556853515852012,0.0005487313180635935,0.0013069540335216077
2024-02-27,2024-02-28,-0.0013047380143342835,0.0004950882868041939,0.0017998263011384775
2024-02-28,2024-02-29,0.0035839412801967896,0.0004687289303115992,0.0031152123498851903
2024-02-29,2024-03-01,0.009347186026579912,0.0005750772697623991,0.008772108756817514
2024-03-01,2024-03-04,-0.0010880297662172467,0.0005027970672764227,0.0015908268334936695
2024-03-04,2024-03-05,-0.010029158248330283,0.0004501095916282743,0.010479267839958558
2024-03-05,2024-03-06,0.0050372824000204375,0.0005221644905513968,0.004515117909469041
2024-03-06,2024-03-07,0.009878714263084731,0.0005450416717768349,0.009333672591307896
2024-03-07,2024-03-08,-0.0060164173633481255,0.0005811416480504719,0.006597559011398598
2024-03-08,2024-03-11,-0.0008480223416915678,0.0005709051220460822,0.00141892746373765
2024-03-11,2024-03-12,0.010688842424126044,0.0005636819307767605,0.010125160493349283
2024-03-12,2024-03-13,-0.0015600315170107848,0.0004394830734113583,0.001999514590422143
2024-03-13,2024-03-14,-0.001983551205846368,0.0005901467646412572,0.002573697970487625
2024-03-14,2024-03-15,-0.006882699740154763,0.0005637125139440705,0.0074464122540988335
2024-03-15,2024-03-18,0.005919559829835386,0.0004925047220497463,0.00542705510778564
2024-03-18,2024-03-19,0.005545393228314488,0.0005088031528170293,0.005036590075497459
2024-03-19,2024-03-20,0.0092009035169891,0.0005361681927254224,0.008664735324263678
2024-03-20,2024-03-21,0.003298019242455652,0.000620231270415553,0.002677787972040099
2024-03-21,2024-03-22,-0.0018945379837820298,0.0005925428583338851,0.0024870808421159148
2024-03-22,2024-03-25,-0.0027693177488039566,0.0005484442151807371,0.003317761963984694
2024-03-25,2024-03-26,-0.0018438666934086356,0.0005857459639138098,0.0024296126573224454
2024-03-26,2024-03-27,0.008359319464541493,0.0005481130611056766,0.007811206403435816
2024-03-27,2024-03-28,-0.00017713222967241649,0.0006202993297059458,0.0007974315593783622
2024-03-28,2024-04-01,-0.0017533322721430267,0.000588827256404132,0.0023421595285471586
2024-04-01,2024-04-02,-0.006369322294156987,0.0005254408762256866,0.006894763170382674
2024-04-02,2024-04-03,0.0010908046260729165,0.0004949483493787512,0.0005958562766941653
2024-04-03,2024-04-04,-0.012285509820568308,0.0005703770362620148,0.012855886856830322
2024-04-04,2024-04-05,0.010400644724773755,0.0005118294632737029,0.009888815261500053
2024-04-05,2024-04-08,0.0005559085276578557,0.0004910067280834739,6.490179957438177e-05
2024-04-08,2024-04-09,0.001150542667237353,0.0004905455462979913,0.0006599971209393618
2024-04-09,2024-04-10,-0.010062351401620262,0.0005184972912962631,0.010580848692916525
2024-04-10,2024-04-11,0.0075214575461037825,0.00047153466191563576,0.0070499228841881464
2024-04-11,2024-04-12,-0.01388994611796246,0.0004180792690741704,0.01430802538703663
2024-04-12,2024-04-15,-0.012615008997800103,0.0004545864152886538,0.013069595413088757
2024-04-15,2024-04-16,-0.0018181266052401668,0.00043190711657331094,0.0022500337218134777
2024-04-16,2024-04-17,-0.005947271538810028,0.00047193620169543585,0.006419207740505464
2024-04-17,2024-04-18,-0.0020590119902283988,0.0004880449185970908,0.0025470569088254895
2024-04-18,2024-04-19,-0.00875682278488199,0.00047897173174347367,0.009235794516625463
2024-04-19,2024-04-22,0.009168964485030351,0.000705163613706298,0.008463800871324053
2024-04-22,2024-04-23,0.011797371849005422,0.0004500944280352449,0.011347277420970178
2024-04-23,2024-04-24,-0.0004887884254465291,0.000842239952327808,0.0013310283777743371
2024-04-24,2024-04-25,-0.003796232822605994,0.0005222156348486055,0.004318448457454599
2024-04-25,2024-04-26,0.009423183833270343,0.00046382813696825543,0.008959355696302088
2024-04-26,2024-04-29,0.003538681440470981,0.0005945491283990577,0.0029441323120719233
2024-04-29,2024-04-30,-0.01597234277241366,0.0003833226323708215,0.016355665404784482
2024-04-30,2024-05-01,-0.003245888997293278,0.0004256594758031495,0.0036715484730964277
2024-05-01,2024-05-02,0.009298582103483,0.00036532459795301744,0.008933257505529982
2024-05-02,2024-05-03,0.012318820180241552,0.00044885093636509537,0.011869969243876457
2024-05-03,2024-05-06,0.010277253319639357,0.0003444421443415611,0.009932811175297795
2024-05-06,2024-05-07,0.0011155157428559548,0.00012487709471088352,0.0009906386481450713
2024-05-07,2024-05-08,7.963209974093388e-05,0.0003598203446833833,0.0002801882449424494
2024-05-08,2024-05-09,0.005756496899770092,0.0004584990967416098,0.005297997803028482
2024-05-09,2024-05-10,0.0012857158757029197,0.0003136513441685803,0.0009720645315343394
2024-05-10,2024-05-13,0.00013836316399284954,0.00037241375194291027,0.00023405058795006073
2024-05-13,2024-05-14,0.004574952271699573,0.00042449626587810627,0.004150456005821467
2024-05-14,2024-05-15,0.012299364103078858,0.00046296688193337327,0.011836397221145484
2024-05-15,2024-05-16,-0.002062137181933821,0.0004999533268960124,0.0025620905088298332
2024-05-16,2024-05-17,0.0014400531805343064,0.00046668105146762865,0.0009733721290666778
2024-05-17,2024-05-20,0.0011660902320294042,0.000499227812356743,0.0006668624196726613
2024-05-20,2024-05-21,0.0024443723735041445,0.0005196887631707807,0.0019246836103333637
2024-05-21,2024-05-22,-0.002891212926861897,0.0004928639159643976,0.0033840768428262946
2024-05-22,2024-05-23,-0.007333327190386818,0.00044350066964182186,0.0077768278600286395
2024-05-23,2024-05-24,0.006594631149642538,0.0004593217964491536,0.0061353093531933845
2024-05-24,2024-05-28,0.0006998309027688165,0.0005114924046331671,0.0001883384981356494
2024-05-28,2024-05-29,-0.0070204465492480495,0.0004192061310426311,0.00743965268029068
2024-05-29,2024-05-30,-0.00665628470036328,0.0004439924274214596,0.00710027712778474
2024-05-30,2024-05-31,0.009060484410037262,0.000501157714372572,0.00855932669566469
2024-05-31,2024-06-03,0.0008196241896696321,0.0005295832164312298,0.0002900409732384023
2024-06-03,2024-06-04,0.001111273692370851,0.0005233170850677867,0.0005879566073030643
2024-06-04,2024-06-05,0.011815889224255471,0.0004894267274853654,0.011326462496770107
2024-06-05,2024-06-06,-1.9256506292641973e-05,0.0005264179256450899,0.0005456744319377319
2024-06-06,2024-06-07,-0.0012139080654787193,0.0005328319174004511,0.0017467399828791704
2024-06-07,2024-06-10,0.003080064806256999,0.0004885457625019207,0.002591519043755078
2024-06-10,2024-06-11,0.0024188915614491435,0.000526884599380942,0.0018920069620682015
2024-06-11,2024-06-12,0.008173131600694106,0.0005551854458314046,0.007617946154862701
2024-06-12,2024-06-13,0.0020139080409329324,0.0005959116127384955,0.0014179964281944369
2024-06-13,2024-06-14,0.0006071760807371263,0.0005202595072198233,8.691657351730291e-05
2024-06-14,2024-06-17,0.007935200057750613,0.0005316487387878146,0.007403551318962798
2024-06-17,2024-06-18,0.0025372853396747885,0.0005684896324441915,0.001968795707230597
2024-06-18,2024-06-20,-0.0027254887504764014,0.0005622102949264513,0.0032876990454028527
2024-06-20,2024-06-21,-0.0013372637061150883,0.0005216554392511488,0.001858919145366237
2024-06-21,2024-06-24,-0.003265910041636566,0.0004966703560267179,0.003762580397663284
2024-06-24,2024-06-25,0.0038500056991939147,0.0005752239947076776,0.003274781704486237
2024-06-25,2024-06-26,0.0012424232613579278,0.0005224585409436807,0.000719964720414247
2024-06-26,2024-06-27,0.0015790367399199923,0.00046914115077440914,0.001109895589145583
2024-06-27,2024-06-28,-0.003952276759862983,0.0005519775144129325,0.004504254274275915
2024-06-28,2024-07-01,0.002072188217944415,0.0005383437466360194,0.0015338444713083957
2024-07-01,2024-07-02,0.006695762813108352,0.0005047569927063922,0.00619100582040196
2024-07-02,2024-07-03,0.004457673541439,0.0004962150258718,0.0039614585155672
2024-07-03,2024-07-05,0.005752474575049682,0.000582679345011104,0.005169795230038578
2024-07-05,2024-07-08,0.0011465346325874037,0.0005224522944099664,0.0006240823381774373
2024-07-08,2024-07-09,0.0009790611032656216,0.0004674769893415856,0.000511584113924036
2024-07-09,2024-07-10,0.00984795200747346,0.0005225008213387476,0.009325451186134712
2024-07-10,2024-07-11,-0.008666965746797928,0.0005286853258496301,0.009195651072647557
2024-07-11,2024-07-12,0.006287363298667081,0.0005581874695802474,0.0057291758290868335
2024-07-12,2024-07-15,0.0027451930638360267,0.00048695895545676667,0.00225823410837926
2024-07-15,2024-07-16,0.0059221908374942345,0.00047241497028063025,0.005449775867213604
2024-07-16,2024-07-17,-0.014125200545732852,0.0005524532774841374,0.01467765382321699
2024-07-17,2024-07-18,-0.007713618401971267,0.0004645610965716822,0.008178179498542949
2024-07-18,2024-07-19,-0.006670045036966776,0.0004466237737788311,0.007116668810745607
2024-07-19,2024-07-22,0.010266037716233356,0.0004561426338060402,0.009809895082427316
2024-07-22,2024-07-23,-0.0015739723823111618,0.0005409621771249481,0.00211493455943611
2024-07-23,2024-07-24,-0.022925305088780767,0.00048395064578426203,0.02340925573456503
2024-07-24,2024-07-25,-0.005228099093762317,-0.0011627631258074532,0.004065335967954864
2024-07-25,2024-07-26,0.011145555792305473,0.00048706337457750425,0.010658492417727969
2024-07-26,2024-07-29,0.0005841727055981849,0.0004910949752909244,9.307773030726052e-05
2024-07-29,2024-07-30,-0.005080515201106195,0.000446695846192026,0.005527211047298221
2024-07-30,2024-07-31,0.01613407773238862,0.0004853828956305094,0.01564869483675811
2024-07-31,2024-08-01,-0.014280193504249361,0.0005458658589069515,0.014826059363156313
2024-08-01,2024-08-02,-0.01879162863362538,0.0004211629634487738,0.019212791597074154
2024-08-02,2024-08-05,-0.02955071384071495,-0.00041916619416884924,0.0291315476465461
2024-08-05,2024-08-06,0.009181350468675298,-0.0003250515566594958,0.009506402025334794
2024-08-06,2024-08-07,-0.006704949294250362,0.003099474178993791,0.009804423473244154
2024-08-07,2024-08-08,0.02284785341105522,0.0014649506340536755,0.021382902777001542
2024-08-08,2024-08-09,0.004399767812297561,0.0016393173549528147,0.0027604504573447465
2024-08-09,2024-08-12,0.0005197455288952213,0.0012563800538793516,0.0007366345249841303
2024-08-12,2024-08-13,0.016320426379395236,0.0012337508962792366,0.015086675483116
2024-08-13,2024-08-14,0.0031568725946131693,0.00028682456690541517,0.002870048027707754
2024-08-14,2024-08-15,0.016992062710922795,-2.2529445310838416e-05,0.017014592156233632
2024-08-15,2024-08-16,0.002242714438011717,0.0003993574953647834,0.0018433569426469336
2024-08-16,2024-08-19,0.009507911908954725,-0.00037477834407343314,0.009882690253028159
2024-08-19,2024-08-20,-0.0016334924573024878,0.0005265868648161553,0.002160079322118643
2024-08-20,2024-08-21,0.0034290882345509033,0.0004235020763436448,0.0030055861582072583
2024-08-21,2024-08-22,-0.007865807926924262,0.0005294141170194965,0.00839522204394376
2024-08-22,2024-08-23,0.0105714273906381,0.0004904997735659946,0.010080927617072105
2024-08-23,2024-08-26,-0.002394466456289379,0.0004374423036330905,0.0028319087599224697
2024-08-26,2024-08-27,0.0013715792682660322,0.00046848711042751513,0.0009030921578385171
2024-08-27,2024-08-28,-0.00582846224762168,0.0004907667491814458,0.006319228996803126
2024-08-28,2024-08-29,9.190585171037213e-05,0.0003690123287366747,0.00027710647702630257
2024-08-29,2024-08-30,0.009512382852765455,0.00031496922009474285,0.009197413632670712
2024-08-30,2024-09-03,-0.020806298704488135,0.0003234426042655174,0.02112974130875365
2024-09-03,2024-09-04,-0.0020468931597736884,-0.0007177685545220135,0.0013291246052516748
2024-09-04,2024-09-05,-0.0024244696695063794,0.00037341641264476786,0.0027978860821511473
2024-09-05,2024-09-06,-0.01698594620292937,0.00042237383445466355,0.01740832003738403
2024-09-06,2024-09-09,0.011143123535791943,0.0003198164304569199,0.010823307105335023
2024-09-09,2024-09-10,0.004347914419014387,0.0004002555209476533,0.0039476588980667335
2024-09-10,2024-09-11,0.010195626841031924,0.0004771752101319249,0.009718451630899998
2024-09-11,2024-09-12,0.008387068638370465,0.00046217757795901716,0.007924891060411448
2024-09-12,2024-09-13,0.0052178329860037564,0.0005486354987446192,0.0046691974872591375
2024-09-13,2024-09-16,0.0014780080605332202,0.0005269656275480634,0.0009510424329851568
2024-09-16,2024-09-17,0.0004010573383439464,0.0005439156761460347,0.00014285833780208832
2024-09-17,2024-09-18,-0.0029752963017806167,0.0004516923907668677,0.0034269886925474844
2024-09-18,2024-09-19,0.016929895026067676,0.0005025707161991268,0.016427324309868548
2024-09-19,2024-09-20,-0.0017269607990639813,0.0003793432020357649,0.002106304001099746
2024-09-20,2024-09-23,0.0024815693367949976,0.00056315155915868,0.0019184177776363177
2024-09-23,2024-09-24,0.0028694938895350575,0.0005474448456539073,0.00232204904388115
2024-09-24,2024-09-25,-0.002205191158521025,0.0005557862881817594,0.0027609774467027845
2024-09-25,2024-09-26,0.003958698621854495,0.0005022496013737713,0.0034564490204807238
2024-09-26,2024-09-27,-0.001467010424827997,0.0005435060633362682,0.002010516488164265
2024-09-27,2024-09-30,0.004002363875493131,0.0005411715303212825,0.0034611923451718487
2024-09-30,2024-10-01,-0.008991964291166887,0.0003779595605927653,0.009369923851759653
2024-10-01,2024-10-02,0.00041375464939896744,0.0005260942401257482,0.00011233959072678079
2024-10-02,2024-10-03,-0.0018181986844920672,0.0005327972521880787,0.002350995936680146
2024-10-03,2024-10-04,0.009040258156778336,0.00046363282600664905,0.008576625330771687
2024-10-04,2024-10-07,-0.00907629549146094,0.0005775476667907387,0.009653843158251678
2024-10-07,2024-10-08,0.009415505492482268,0.0005223434734239595,0.008893162019058308
2024-10-08,2024-10-09,0.006901977022040207,0.000574287476213072,0.006327689545827134
2024-10-09,2024-10-10,-0.001756549808023422,0.0006097422372248681,0.0023662920452482902
2024-10-10,2024-10-11,0.005966784405611492,0.0005939587973834247,0.005372825608228067
2024-10-11,2024-10-14,0.008140060242288527,0.0005852484984988174,0.007554811743789709
2024-10-14,2024-10-15,-0.007787065074656319,0.0006113721382440593,0.008398437212900378
2024-10-15,2024-10-16,0.004331679045103343,0.0005509358332276262,0.0037807432118757162
2024-10-16,2024-10-17,8.784798789829296e-05,0.0006801263406255427,0.0005922783527272498
2024-10-17,2024-10-18,0.0038401898898579034,0.0005262111043298726,0.003313978785528031
2024-10-18,2024-10-21,-0.0016464945654437457,0.000563731105340522,0.0022102256707842677
2024-10-21,2024-10-22,-0.0005260481630715574,0.000567697029000919,0.0010937451920724765
2024-10-22,2024-10-23,-0.00918011503983518,0.00048856998495298,0.00966868502478816
2024-10-23,2024-10-24,0.002157231094389367,0.0005445415382349361,0.0016126895561544307
2024-10-24,2024-10-25,-0.0003533256816199426,0.0005570284321098398,0.0009103541137297824
2024-10-25,2024-10-28,0.0030873750982518544,0.0005510852318174331,0.0025362898664344213
2024-10-28,2024-10-29,0.001619262533477439,0.0004523057268990841,0.001166956806578355
2024-10-29,2024-10-30,-0.0030294513799002942,0.0005329044216347768,0.003562355801535071
2024-10-30,2024-10-31,-0.019792396267197532,0.0004928596844296243,0.020285255951627158
2024-10-31,2024-11-01,0.004201385094204646,0.0005070774093890101,0.003694307684815636
2024-11-01,2024-11-04,-0.002152351377076478,0.0004357897725392722,0.0025881411496157503
2024-11-04,2024-11-05,0.012029415093352647,0.0005008813658321548,0.011528533727520492
2024-11-05,2024-11-06,0.024551108269385225,0.0005236868719625978,0.024027421397422626
2024-11-06,2024-11-07,0.00770806434009863,0.0005001434874371101,0.00720792085266152
2024-11-07,2024-11-08,0.004319439019017324,0.0006167809375378535,0.00370265808147947
2024-11-08,2024-11-11,0.0009573468548946806,0.0005854062130049701,0.0003719406418897105
2024-11-11,2024-11-12,-0.0031147341720361155,0.0005180849631831501,0.0036328191352192657
2024-11-12,2024-11-13,0.00047982178968730693,0.0006025451871190124,0.00012272339743170542
2024-11-13,2024-11-14,-0.006445370061126887,0.0005579514025492051,0.007003321463676092
2024-11-14,2024-11-15,-0.012894447388708485,0.0005834104324841034,0.013477857821192589
2024-11-15,2024-11-18,0.004096330366084366,0.00044771725169929057,0.003648613114385076
2024-11-18,2024-11-19,0.0036464071241155693,0.0005386287075879056,0.0031077784165276638
2024-11-19,2024-11-20,0.0003292580459683947,0.00045809545666763925,0.00012883741069924455
2024-11-20,2024-11-21,0.005356847093625383,0.0005607121717064054,0.004796134921918977
2024-11-21,2024-11-22,0.003097309539703552,0.00039147683799585595,0.0027058327017076963
2024-11-22,2024-11-25,0.003378874122918596,0.0004238050708481346,0.002955069052070461
2024-11-25,2024-11-26,0.005208834327055101,0.00032160095437606733,0.004887233372679033
2024-11-26,2024-11-27,-0.003019526847048759,0.0005356125711721249,0.003555139418220884
2024-11-27,2024-11-29,0.006182794790876578,0.00042419157498424184,0.005758603215892336
2024-11-29,2024-12-02,0.0017982565155323371,0.0006033564936913676,0.0011949000218409696
2024-12-02,2024-12-03,0.00045753019226424385,0.0005833631234770871,0.00012583293121284326
2024-12-03,2024-12-04,0.00619834950467002,0.0006741880418458171,0.005524161462824203
2024-12-04,2024-12-05,-0.001651388889714056,0.0007168210906065,0.002368209980320556
2024-12-05,2024-12-06,0.00188707912649555,0.000621357141552321,0.001265721984943229
2024-12-06,2024-12-09,-0.005164219800577463,0.0006438336414456626,0.005808053442023125
2024-12-09,2024-12-10,-0.003101198055665222,0.0006221462811041609,0.0037233443367693827
2024-12-10,2024-12-11,0.007692930889941607,0.00048716113428320295,0.007205769755658404
2024-12-11,2024-12-12,-0.00516718474914768,0.0005277616356957732,0.005694946384843453
2024-12-12,2024-12-13,-0.00020317976399475413,0.0005083773753068834,0.0007115571393016375
2024-12-13,2024-12-16,0.004274991091969049,0.0004614750283435958,0.0038135160636254533
2024-12-16,2024-12-17,-0.004139533329185596,0.0005808804256804296,0.004720413754866026
2024-12-17,2024-12-18,-0.030251692455486534,0.0005580317748486313,0.030809724230335164
2024-12-18,2024-12-19,-0.000314169025518396,-0.0013860350866082274,0.0010718660610898314
2024-12-19,2024-12-20,0.011938575572661314,0.0005797958484940438,0.01135877972416727
2024-12-20,2024-12-23,0.005967702782152529,0.0011276261809759804,0.004840076601176548
2024-12-23,2024-12-24,0.011066794393085111,0.000674501047302435,0.010392293345782675
2024-12-24,2024-12-26,6.782995034093631e-05,0.0006799500299804526,0.0006121200796395163
2024-12-26,2024-12-27,-0.010586077977504438,0.0005944994375950158,0.011180577415099454
2024-12-27,2024-12-30,-0.011479124308163335,0.0005355274784111963,0.012014651786574532
2024-12-30,2024-12-31,-0.0036470403912005622,0.0005133872950712944,0.004160427686271857
2024-12-31,2025-01-02,-0.002456211876692649,0.0005268534403688816,0.0029830653170615307
2025-01-02,2025-01-03,0.012427903117848693,0.0011589322649419058,0.011268970852906787
2025-01-03,2025-01-06,0.005736974459789934,0.0008304282050471531,0.004906546254742781
2025-01-06,2025-01-07,-0.011368456460724374,0.0007408899983322536,0.012109346459056628
2025-01-07,2025-01-08,0.0014713903829139952,0.0005112922472712072,0.000960098135642788
2025-01-08,2025-01-10,-0.015391757506671766,0.0005092038612721188,0.015900961367943885
2025-01-10,2025-01-13,0.0015446187161449743,-0.00018733414437963525,0.0017319528605246096
2025-01-13,2025-01-14,0.0013846169540423503,0.0010202806881360268,0.0003643362659063235
2025-01-14,2025-01-15,0.01801694169176482,0.0010767422277620964,0.016940199464002725
2025-01-15,2025-01-16,-0.0019284748645906902,0.0006906007174290806,0.0026190755820197707
2025-01-16,2025-01-17,0.00999793965828033,0.0005731138763436616,0.00942482578193667
2025-01-17,2025-01-21,0.009104560785265114,6.846528108369116e-05,0.009036095504181423
2025-01-21,2025-01-22,0.005614913624659046,0.0005068916758249665,0.00510802194883408
2025-01-22,2025-01-23,0.005433064425098166,0.0006093499830767403,0.004823714442021426
2025-01-23,2025-01-24,-0.002914086805100524,0.0006210118217131103,0.0035350986268136344
2025-01-24,2025-01-27,-0.014256757412248966,0.000672707780477012,0.014929465192725979
2025-01-27,2025-01-28,0.008571674653294892,0.0006124336558003589,0.007959240997494533
2025-01-28,2025-01-29,-0.004496896947795648,0.00025110740060276486,0.004748004348398413
2025-01-29,2025-01-30,0.00535677847201832,0.00039429009867325505,0.004962488373345065
2025-01-30,2025-01-31,-0.005339834919463549,0.00035131577431902984,0.005691150693782578
2025-01-31,2025-02-03,-0.00674925846887664,0.0005177881281412722,0.007267046597017912
2025-02-03,2025-02-04,0.00668148253608436,0.0006696507016817929,0.006011831834402567
2025-02-04,2025-02-05,0.004041571058411186,0.00060210321086204,0.003439467847549146
2025-02-05,2025-02-06,0.0034704708170449905,0.0004006160484926019,0.0030698547685523887
2025-02-06,2025-02-07,-0.009190961656261543,0.0004028937536246854,0.009593855409886227
2025-02-07,2025-02-10,0.006766269027162153,0.00044488066501695105,0.006321388362145202
2025-02-10,2025-02-11,0.0007583481855526486,0.0005853771093024335,0.00017297107625021508
2025-02-11,2025-02-12,-0.003222734011806061,0.000612819539387627,0.003835553551193688
2025-02-12,2025-02-13,0.010490488418667177,0.0006419927228378156,0.009848495695829362
2025-02-13,2025-02-14,-3.344817206141215e-05,0.0005079230738717052,0.0005413712459331173
2025-02-14,2025-02-18,0.0029224893672470387,0.0006117721964015657,0.002310717170845473
2025-02-18,2025-02-19,0.0023484941297038375,0.0006664055438442118,0.0016820885858596258
2025-02-19,2025-02-20,-0.004167784107156791,0.0005905966033356976,0.004758380710492489
2025-02-20,2025-02-21,-0.01725488072261161,0.0006358212386935317,0.01789070196130514
2025-02-21,2025-02-24,-0.00454844357155082,-0.00034251560591035503,0.004205927965640465
2025-02-24,2025-02-25,-0.004998127552592102,0.0005207293555791175,0.00551885690817122
2025-02-25,2025-02-26,0.000514659221186875,0.000615009227091223,0.000100350005904348
2025-02-26,2025-02-27,-0.01609633563222701,0.001119382996491912,0.017215718628718922
2025-02-27,2025-02-28,0.015478712774273262,7.484703170565845e-05,0.015403865742567604
2025-02-28,2025-03-03,-0.0176597387206332,0.0011372107024698892,0.018796949423103088
2025-03-03,2025-03-04,-0.011913479276095984,-0.0005482039108613134,0.01136527536523467
2025-03-04,2025-03-05,0.010690023735912213,0.0006437655133366486,0.010046258222575565
2025-03-05,2025-03-06,-0.017910399800633137,0.0015915743813756074,0.019501974182008743
2025-03-06,2025-03-07,0.005592806091454072,0.00012870891087097717,0.005464097180583095
2025-03-07,2025-03-10,-0.027008056744161735,0.0004551420687963643,0.027463198812958098
2025-03-10,2025-03-11,-0.008347614071126053,-0.0006844842483887763,0.007663129822737276
2025-03-11,2025-03-12,0.005305246330899571,0.001979429811317633,0.0033258165195819383
2025-03-12,2025-03-13,-0.013427211877375278,0.0020129253836465525,0.01544013726102183
2025-03-13,2025-03-14,0.020445294899852584,0.0007866307419463713,0.01965866415790621
2025-03-14,2025-03-17,0.007688597082743165,0.0006654186279464603,0.007023178454796704
2025-03-17,2025-03-18,-0.010864268683576483,0.0014159087639209018,0.012280177447497386
2025-03-18,2025-03-19,0.010828309748676546,0.000523705711595362,0.010304604037081184
2025-03-19,2025-03-20,-0.0028989441863966903,0.0006470703668335357,0.003546014553230226
2025-03-20,2025-03-21,0.0003245231341351129,0.00039625968128423697,7.173654714912406e-05
2025-03-21,2025-03-24,0.01775934619149311,0.00044340112261734955,0.01731594506887576
2025-03-24,2025-03-25,0.0023878390799740856,0.0003892523706451603,0.001998586709328925
2025-03-25,2025-03-26,-0.011996624908690023,0.0005123214721317762,0.0125089463808218
2025-03-26,2025-03-27,-0.0026676469820916537,0.00038597662115912517,0.003053623603250779
2025-03-27,2025-03-28,-0.020338087947685324,0.0005472969460127012,0.020885384893698025
