issue_date,target_date,actual_return,predicted_return,screened_factor_count,lasso_support_count,selected_factors,effective_train_n
2024-01-02,2024-01-03,-0.008205759326630258,0.0004267665609473147,8,0,QQQ_return;SP500_mean_return;SP500_fraction_up;QQQ_intraday;IWM_intraday;SPY_log_volume;QQQ_log_volume;QQQ_high_low_range,667.3412135371515
2024-01-03,2024-01-04,-0.003221680707016006,0.00037277146253135397,8,0,QQQ_return;SP500_mean_return;SP500_fraction_up;QQQ_intraday;IWM_intraday;SPY_log_volume;QQQ_log_volume;QQQ_high_low_range,665.512183672099
2024-01-04,2024-01-05,0.001369379134387394,0.00040247910604710856,8,0,QQQ_return;SP500_mean_return;SP500_fraction_up;QQQ_intraday;IWM_intraday;SPY_log_volume;QQQ_log_volume;QQQ_high_low_range,668.5155761283122
2024-01-05,2024-01-08,0.014179350218027409,0.0004581551257152065,8,0,QQQ_return;SP500_mean_return;SP500_fraction_up;QQQ_intraday;IWM_intraday;SPY_log_volume;QQQ_log_volume;QQQ_high_low_range,664.4967477356563
2024-01-08,2024-01-09,-0.0015244237364901991,0.0004890720060663983,8,0,QQQ_return;SP500_mean_return;SP500_fraction_up;QQQ_intraday;IWM_intraday;SPY_log_volume;QQQ_log_volume;QQQ_high_low_range,659.0659383548864
2024-01-09,2024-01-10,0.005650469243462908,0.00044390235259312346,8,0,QQQ_return;SP500_mean_return;SP500_fraction_up;QQQ_intraday;IWM_intraday;SPY_log_volume;QQQ_log_volume;QQQ_high_low_range,669.0725980020011
2024-01-10,2024-01-11,-0.0004552006754883209,0.00043820425177683704,8,0,QQQ_return;SP500_mean_return;SP500_fraction_up;QQQ_intraday;IWM_intraday;SPY_log_volume;QQQ_log_volume;QQQ_high_low_range,665.4975194114098
2024-01-11,2024-01-12,0.0006935564551193707,0.00048326331994271777,8,0,QQQ_return;SP500_mean_return;SP500_fraction_up;QQQ_intraday;IWM_intraday;SPY_log_volume;QQQ_log_volume;QQQ_high_low_range,653.2488433662938
2024-01-12,2024-01-16,-0.0036682951023063737,0.000498006268225944,8,0,QQQ_return;SP500_mean_return;SP500_fraction_up;QQQ_intraday;IWM_intraday;SPY_log_volume;QQQ_log_volume;QQQ_high_low_range,656.9441325388777
2024-01-16,2024-01-17,-0.005582464669845244,0.00041026952123894003,8,0,QQQ_return;SP500_mean_return;SP500_fraction_up;QQQ_intraday;IWM_intraday;SPY_log_volume;QQQ_log_volume;QQQ_high_low_range,662.7246956364505
2024-01-17,2024-01-18,0.0088606934559321,0.00041770475802799185,8,0,QQQ_return;SP500_mean_return;SP500_fraction_up;QQQ_intraday;IWM_intraday;SPY_log_volume;QQQ_log_volume;QQQ_high_low_range,665.7357243491545
2024-01-18,2024-01-19,0.012385859855340797,0.0005040625474328857,8,0,QQQ_return;SP500_mean_return;SP500_fraction_up;QQQ_intraday;IWM_intraday;SPY_log_volume;QQQ_log_volume;QQQ_high_low_range,657.1169855145503
2024-01-19,2024-01-22,0.002117127059190871,0.00041889496108324576,8,0,QQQ_return;SP500_mean_return;SP500_fraction_up;QQQ_intraday;IWM_intraday;SPY_log_volume;QQQ_log_volume;QQQ_high_low_range,654.8769723164205
2024-01-22,2024-01-23,0.0029010878087172287,0.0005201440759486516,8,0,QQQ_return;SP500_mean_return;SP500_fraction_up;QQQ_intraday;IWM_intraday;SPY_log_volume;QQQ_log_volume;QQQ_high_low_range,648.401829635325
2024-01-23,2024-01-24,0.001107019038819601,0.00047758052347076247,8,0,QQQ_return;SP500_mean_return;SP500_fraction_up;QQQ_intraday;IWM_intraday;SPY_log_volume;QQQ_log_volume;QQQ_high_low_range,661.7209643894811
2024-01-24,2024-01-25,0.005410981553319871,0.0004884078398634375,8,0,QQQ_return;SP500_mean_return;SP500_fraction_up;QQQ_intraday;IWM_intraday;SPY_log_volume;QQQ_log_volume;QQQ_high_low_range,661.207256344432
2024-01-25,2024-01-26,-0.0012705405741018083,0.0004953727375972903,8,0,QQQ_return;SP500_mean_return;SP500_fraction_up;QQQ_intraday;IWM_intraday;SPY_log_volume;QQQ_log_volume;QQQ_high_low_range,655.7151896403824
2024-01-26,2024-01-29,0.007893500388559183,0.00045531033605747406,8,0,QQQ_return;SP500_mean_return;SP500_fraction_up;QQQ_intraday;IWM_intraday;SPY_log_volume;QQQ_log_volume;QQQ_high_low_range,664.2271594347814
2024-01-29,2024-01-30,-0.0007781365075745228,0.0004290695059039069,8,0,QQQ_return;SP500_mean_return;SP500_fraction_up;QQQ_intraday;IWM_intraday;SPY_log_volume;QQQ_log_volume;QQQ_high_low_range,661.4834004520168
2024-01-30,2024-01-31,-0.016439540002642694,0.00048217919039327754,8,0,QQQ_return;SP500_mean_return;SP500_fraction_up;QQQ_intraday;IWM_intraday;SPY_log_volume;QQQ_log_volume;QQQ_high_low_range,668.0459419039928
2024-01-31,2024-02-01,0.013004305483950596,0.00040044343413876037,8,0,QQQ_return;SP500_mean_return;SP500_fraction_up;QQQ_intraday;IWM_intraday;SPY_log_volume;QQQ_log_volume;QQQ_high_low_range,663.3846666745391
2024-02-01,2024-02-02,0.010458545042948408,0.0005199435585405274,8,0,QQQ_return;SP500_mean_return;SP500_fraction_up;QQQ_intraday;IWM_intraday;SPY_log_volume;QQQ_log_volume;QQQ_high_low_range,658.3443632814228
2024-02-02,2024-02-05,-0.003641771328537935,0.0005346669633325432,8,0,QQQ_return;SP500_mean_return;SP500_fraction_up;QQQ_intraday;IWM_intraday;SPY_log_volume;QQQ_log_volume;QQQ_high_low_range,661.2965387841981
2024-02-05,2024-02-06,0.002910295910068861,0.0005110007308893747,8,0,QQQ_return;SP500_mean_return;SP500_fraction_up;QQQ_intraday;IWM_intraday;SPY_log_volume;QQQ_log_volume;QQQ_high_low_range,646.7117542878742
2024-02-06,2024-02-07,0.008286535028975806,0.00046772014868790403,8,0,QQQ_return;SP500_mean_return;SP500_fraction_up;QQQ_intraday;IWM_intraday;SPY_log_volume;QQQ_log_volume;QQQ_high_low_range,659.8544294039774
2024-02-07,2024-02-08,0.00045605307589813293,0.0005174760482617671,8,0,QQQ_return;SP500_mean_return;SP500_fraction_up;QQQ_intraday;IWM_intraday;SPY_log_volume;QQQ_log_volume;QQQ_high_low_range,654.8875447820175
2024-02-08,2024-02-09,0.0057656104582965995,0.000485677379702606,8,0,QQQ_return;SP500_mean_return;SP500_fraction_up;QQQ_intraday;IWM_intraday;SPY_log_volume;QQQ_log_volume;QQQ_high_low_range,659.2433424031478
2024-02-09,2024-02-12,-0.0004534306225796314,0.00050532043706221,8,0,QQQ_return;SP500_mean_return;SP500_fraction_up;QQQ_intraday;IWM_intraday;SPY_log_volume;QQQ_log_volume;QQQ_high_low_range,651.8501949260357
2024-02-12,2024-02-13,-0.013866623152169133,0.00042812721714903393,8,0,QQQ_return;SP500_mean_return;SP500_fraction_up;QQQ_intraday;IWM_intraday;SPY_log_volume;QQQ_log_volume;QQQ_high_low_range,656.9834315625957
2024-02-13,2024-02-14,0.009051718672202114,0.0003798977675616599,8,0,QQQ_return;SP500_mean_return;SP500_fraction_up;QQQ_intraday;IWM_intraday;SPY_log_volume;QQQ_log_volume;QQQ_high_low_range,662.4257535663475
2024-02-14,2024-02-15,0.0068742980987845925,0.0005061711161569218,8,0,QQQ_return;SP500_mean_return;SP500_fraction_up;QQQ_intraday;IWM_intraday;SPY_log_volume;QQQ_log_volume;QQQ_high_low_range,643.4790491435539
2024-02-15,2024-02-16,-0.004991038883844112,0.0005178697171471806,8,0,QQQ_return;SP500_mean_return;SP500_fraction_up;QQQ_intraday;IWM_intraday;SPY_log_volume;QQQ_log_volume;QQQ_high_low_range,642.5319992558732
2024-02-16,2024-02-20,-0.005514910417803165,0.000489503557272903,8,0,QQQ_return;SP500_mean_return;SP500_fraction_up;QQQ_intraday;IWM_intraday;SPY_log_volume;QQQ_log_volume;QQQ_high_low_range,663.3317527668696
2024-02-20,2024-02-21,0.0008935715399811528,0.0004645633319432179,8,0,QQQ_return;SP500_mean_return;SP500_fraction_up;QQQ_intraday;IWM_intraday;SPY_log_volume;QQQ_log_volume;QQQ_high_low_range,667.1129967381405
2024-02-21,2024-02-22,0.02049761844133613,0.00047754027427938006,8,0,QQQ_return;SP500_mean_return;SP500_fraction_up;QQQ_intraday;IWM_intraday;SPY_log_volume;QQQ_log_volume;QQQ_high_low_range,665.2567080074659
2024-02-22,2024-02-23,0.0006916614389709252,0.0005627371287790546,8,0,QQQ_return;SP500_mean_return;SP500_fraction_up;QQQ_intraday;IWM_intraday;SPY_log_volume;QQQ_log_volume;QQQ_high_low_range,652.949209241516
2024-02-23,2024-02-26,-0.0036875977692876205,0.0005415539808712115,8,0,QQQ_return;SP500_mean_return;SP500_fraction_up;QQQ_intraday;IWM_intraday;SPY_log_volume;QQQ_log_volume;QQQ_high_low_range,665.3228843644232
2024-02-26,2024-02-27,0.0018556853515852012,0.0005487313180635935,8,0,QQQ_return;SP500_mean_return;SP500_fraction_up;QQQ_intraday;IWM_intraday;SPY_log_volume;QQQ_log_volume;QQQ_high_low_range,663.4721888786434
2024-02-27,2024-02-28,-0.0013047380143342835,0.0004950882868041939,8,0,QQQ_return;SP500_mean_return;SP500_fraction_up;QQQ_intraday;IWM_intraday;SPY_log_volume;QQQ_log_volume;QQQ_high_low_range,668.0408128790226
2024-02-28,2024-02-29,0.0035839412801967896,0.0004687289303115992,8,0,QQQ_return;SP500_mean_return;SP500_fraction_up;QQQ_intraday;IWM_intraday;SPY_log_volume;QQQ_log_volume;QQQ_high_low_range,664.5496956695117
2024-02-29,2024-03-01,0.009347186026579912,0.0005750772697623991,8,0,QQQ_return;SP500_mean_return;SP500_fraction_up;QQQ_intraday;IWM_intraday;SPY_log_volume;QQQ_log_volume;QQQ_high_low_range,645.9297767015886
2024-03-01,2024-03-04,-0.0010880297662172467,0.0005027970672764227,8,0,QQQ_return;SP500_mean_return;SP500_fraction_up;QQQ_intraday;IWM_intraday;SPY_log_volume;QQQ_log_volume;QQQ_high_low_range,659.2740750566059
2024-03-04,2024-03-05,-0.010029158248330283,0.0004501095916282743,8,0,QQQ_return;SP500_mean_return;SP500_fraction_up;QQQ_intraday;IWM_intraday;SPY_log_volume;QQQ_log_volume;QQQ_high_low_range,667.2319158822422
2024-03-05,2024-03-06,0.0050372824000204375,0.0005221644905513968,8,0,QQQ_return;SP500_mean_return;SP500_fraction_up;QQQ_intraday;IWM_intraday;SPY_log_volume;QQQ_log_volume;QQQ_high_low_range,669.224886858625
2024-03-06,2024-03-07,0.009878714263084731,0.0005450416717768349,8,0,QQQ_return;SP500_mean_return;SP500_fraction_up;QQQ_intraday;IWM_intraday;SPY_log_volume;QQQ_log_volume;QQQ_high_low_range,663.2853058910111
2024-03-07,2024-03-08,-0.0060164173633481255,0.0005811416480504719,8,0,QQQ_return;SP500_mean_return;SP500_fraction_up;QQQ_intraday;IWM_intraday;SPY_log_volume;QQQ_log_volume;QQQ_high_low_range,659.4466898557903
2024-03-08,2024-03-11,-0.0008480223416915678,0.0005709051220460822,8,0,QQQ_return;SP500_mean_return;SP500_fraction_up;QQQ_intraday;IWM_intraday;SPY_log_volume;QQQ_log_volume;QQQ_high_low_range,667.1230647038868
2024-03-11,2024-03-12,0.010688842424126044,0.0005636819307767605,8,0,QQQ_return;SP500_mean_return;SP500_fraction_up;QQQ_intraday;IWM_intraday;SPY_log_volume;QQQ_log_volume;QQQ_high_low_range,666.8600761711336
2024-03-12,2024-03-13,-0.0015600315170107848,0.0004394830734113583,8,0,QQQ_return;SP500_mean_return;SP500_fraction_up;QQQ_intraday;IWM_intraday;SPY_log_volume;QQQ_log_volume;QQQ_high_low_range,647.9916176448643
2024-03-13,2024-03-14,-0.001983551205846368,0.0005901467646412572,8,0,QQQ_return;SP500_mean_return;SP500_fraction_up;QQQ_intraday;IWM_intraday;SPY_log_volume;QQQ_log_volume;QQQ_high_low_range,654.216401131417
2024-03-14,2024-03-15,-0.006882699740154763,0.0005637125139440705,8,0,QQQ_return;SP500_mean_return;SP500_fraction_up;QQQ_intraday;IWM_intraday;SPY_log_volume;QQQ_log_volume;QQQ_high_low_range,641.1325151782056
2024-03-15,2024-03-18,0.005919559829835386,0.0004925047220497463,8,0,QQQ_return;SP500_mean_return;SP500_fraction_up;QQQ_intraday;IWM_intraday;SPY_log_volume;QQQ_log_volume;QQQ_high_low_range,666.3720461007644
2024-03-18,2024-03-19,0.005545393228314488,0.0005088031528170293,8,0,QQQ_return;SP500_mean_return;SP500_fraction_up;QQQ_intraday;IWM_intraday;SPY_log_volume;QQQ_log_volume;QQQ_high_low_range,663.9519104388155
2024-03-19,2024-03-20,0.0092009035169891,0.0005361681927254224,8,0,QQQ_return;SP500_mean_return;SP500_fraction_up;QQQ_intraday;IWM_intraday;SPY_log_volume;QQQ_log_volume;QQQ_high_low_range,661.1160433463712
2024-03-20,2024-03-21,0.003298019242455652,0.000620231270415553,8,0,QQQ_return;SP500_mean_return;SP500_fraction_up;QQQ_intraday;IWM_intraday;SPY_log_volume;QQQ_log_volume;QQQ_high_low_range,638.5019010742898
2024-03-21,2024-03-22,-0.0018945379837820298,0.0005925428583338851,8,0,QQQ_return;SP500_mean_return;SP500_fraction_up;QQQ_intraday;IWM_intraday;SPY_log_volume;QQQ_log_volume;QQQ_high_low_range,657.5138655766016
2024-03-22,2024-03-25,-0.0027693177488039566,0.0005484442151807371,8,0,QQQ_return;SP500_mean_return;SP500_fraction_up;QQQ_intraday;IWM_intraday;SPY_log_volume;QQQ_log_volume;QQQ_high_low_range,663.9113936881114
2024-03-25,2024-03-26,-0.0018438666934086356,0.0005857459639138098,8,0,QQQ_return;SP500_mean_return;SP500_fraction_up;QQQ_intraday;IWM_intraday;SPY_log_volume;QQQ_log_volume;QQQ_high_low_range,661.1425060786446
2024-03-26,2024-03-27,0.008359319464541493,0.0005481130611056766,8,0,QQQ_return;SP500_mean_return;SP500_fraction_up;QQQ_intraday;IWM_intraday;SPY_log_volume;QQQ_log_volume;QQQ_high_low_range,663.3543618281574
2024-03-27,2024-03-28,-0.00017713222967241649,0.0006202993297059458,8,0,QQQ_return;SP500_mean_return;SP500_fraction_up;QQQ_intraday;IWM_intraday;SPY_log_volume;QQQ_log_volume;QQQ_high_low_range,644.9401079073145
2024-03-28,2024-04-01,-0.0017533322721430267,0.000588827256404132,8,0,QQQ_return;SP500_mean_return;SP500_fraction_up;QQQ_intraday;IWM_intraday;SPY_log_volume;QQQ_log_volume;QQQ_high_low_range,651.9992506108222
2024-04-01,2024-04-02,-0.006369322294156987,0.0005254408762256866,8,0,QQQ_return;SP500_mean_return;SP500_fraction_up;QQQ_intraday;IWM_intraday;SPY_log_volume;QQQ_log_volume;QQQ_high_low_range,662.875711056203
2024-04-02,2024-04-03,0.0010908046260729165,0.0004949483493787512,8,0,QQQ_return;SP500_mean_return;SP500_fraction_up;QQQ_intraday;IWM_intraday;SPY_log_volume;QQQ_log_volume;QQQ_high_low_range,660.1620435693324
2024-04-03,2024-04-04,-0.012285509820568308,0.0005703770362620148,8,0,QQQ_return;SP500_mean_return;SP500_fraction_up;QQQ_intraday;IWM_intraday;SPY_log_volume;QQQ_log_volume;QQQ_high_low_range,655.0450696720102
2024-04-04,2024-04-05,0.010400644724773755,0.0005118294632737029,8,0,QQQ_return;SP500_mean_return;SP500_fraction_up;QQQ_intraday;IWM_intraday;SPY_log_volume;QQQ_log_volume;QQQ_high_low_range,661.8801001059355
2024-04-05,2024-04-08,0.0005559085276578557,0.0004910067280834739,8,0,QQQ_return;SP500_mean_return;SP500_fraction_up;QQQ_intraday;IWM_intraday;SPY_log_volume;QQQ_log_volume;QQQ_high_low_range,662.9316867473517
2024-04-08,2024-04-09,0.001150542667237353,0.0004905455462979913,8,0,QQQ_return;SP500_mean_return;SP500_fraction_up;QQQ_intraday;IWM_intraday;SPY_log_volume;QQQ_log_volume;QQQ_high_low_range,662.198981590262
2024-04-09,2024-04-10,-0.010062351401620262,0.0005184972912962631,8,0,QQQ_return;SP500_mean_return;SP500_fraction_up;QQQ_intraday;IWM_intraday;SPY_log_volume;QQQ_log_volume;QQQ_high_low_range,658.1658922234544
2024-04-10,2024-04-11,0.0075214575461037825,0.00047153466191563576,8,0,QQQ_return;SP500_mean_return;SP500_fraction_up;QQQ_intraday;IWM_intraday;SPY_log_volume;QQQ_log_volume;QQQ_high_low_range,659.9903624356338
2024-04-11,2024-04-12,-0.01388994611796246,0.0004180792690741704,8,0,QQQ_return;SP500_mean_return;SP500_fraction_up;QQQ_intraday;IWM_intraday;SPY_log_volume;QQQ_log_volume;QQQ_high_low_range,664.0799830082653
2024-04-12,2024-04-15,-0.012615008997800103,0.0004545864152886538,8,0,QQQ_return;SP500_mean_return;SP500_fraction_up;QQQ_intraday;IWM_intraday;SPY_log_volume;QQQ_log_volume;QQQ_high_low_range,658.6351007781933
2024-04-15,2024-04-16,-0.0018181266052401668,0.00043190711657331094,8,0,QQQ_return;SP500_mean_return;SP500_fraction_up;QQQ_intraday;IWM_intraday;SPY_log_volume;QQQ_log_volume;QQQ_high_low_range,666.4375295669553
2024-04-16,2024-04-17,-0.005947271538810028,0.00047193620169543585,8,0,QQQ_return;SP500_mean_return;SP500_fraction_up;QQQ_intraday;IWM_intraday;SPY_log_volume;QQQ_log_volume;QQQ_high_low_range,671.9574405473993
2024-04-17,2024-04-18,-0.0020590119902283988,0.0004880449185970908,8,0,QQQ_return;SP500_mean_return;SP500_fraction_up;QQQ_intraday;IWM_intraday;SPY_log_volume;QQQ_log_volume;QQQ_high_low_range,667.0827577883197
2024-04-18,2024-04-19,-0.00875682278488199,0.00047897173174347367,8,0,QQQ_return;SP500_mean_return;SP500_fraction_up;QQQ_intraday;IWM_intraday;SPY_log_volume;QQQ_log_volume;QQQ_high_low_range,671.5035645031877
2024-04-19,2024-04-22,0.009168964485030351,0.000705163613706298,8,1,QQQ_return;SP500_mean_return;SP500_fraction_up;QQQ_intraday;IWM_intraday;SPY_log_volume;QQQ_log_volume;QQQ_high_low_range,671.9487334177975
2024-04-22,2024-04-23,0.011797371849005422,0.0004500944280352449,8,1,QQQ_return;SP500_mean_return;SP500_fraction_up;QQQ_intraday;IWM_intraday;SPY_log_volume;QQQ_log_volume;QQQ_high_low_range,672.7914126098261
2024-04-23,2024-04-24,-0.0004887884254465291,0.000842239952327808,8,1,QQQ_return;SP500_mean_return;SP500_fraction_up;QQQ_intraday;IWM_intraday;SPY_log_volume;QQQ_log_volume;QQQ_high_low_range,672.5385369602641
2024-04-24,2024-04-25,-0.003796232822605994,0.0005222156348486055,8,0,QQQ_return;SP500_mean_return;SP500_fraction_up;QQQ_intraday;IWM_intraday;SPY_log_volume;QQQ_log_volume;QQQ_high_low_range,673.0946876168674
2024-04-25,2024-04-26,0.009423183833270343,0.00046382813696825543,8,0,QQQ_return;SP500_mean_return;SP500_fraction_up;QQQ_intraday;IWM_intraday;SPY_log_volume;QQQ_log_volume;QQQ_high_low_range,667.7721987202128
2024-04-26,2024-04-29,0.003538681440470981,0.0005945491283990577,8,1,QQQ_return;SP500_mean_return;SP500_fraction_up;QQQ_intraday;IWM_intraday;SPY_log_volume;QQQ_log_volume;QQQ_high_low_range,669.1702076423086
2024-04-29,2024-04-30,-0.01597234277241366,0.0003833226323708215,8,0,QQQ_return;SP500_mean_return;SP500_fraction_up;QQQ_intraday;IWM_intraday;SPY_log_volume;QQQ_log_volume;QQQ_high_low_range,672.3488318812534
2024-04-30,2024-05-01,-0.003245888997293278,0.0004256594758031495,8,0,QQQ_return;SP500_mean_return;SP500_fraction_up;QQQ_intraday;IWM_intraday;SPY_log_volume;QQQ_log_volume;QQQ_high_low_range,667.1515485426199
2024-05-01,2024-05-02,0.009298582103483,0.00036532459795301744,8,0,QQQ_return;SP500_mean_return;SP500_fraction_up;QQQ_intraday;IWM_intraday;SPY_log_volume;QQQ_log_volume;QQQ_high_low_range,672.9239247891483
2024-05-02,2024-05-03,0.012318820180241552,0.00044885093636509537,8,2,QQQ_return;SP500_mean_return;SP500_fraction_up;QQQ_intraday;IWM_intraday;SPY_log_volume;QQQ_log_volume;QQQ_high_low_range,667.4671148569156
2024-05-03,2024-05-06,0.010277253319639357,0.0003444421443415611,8,1,QQQ_return;SP500_mean_return;SP500_fraction_up;QQQ_intraday;IWM_intraday;SPY_log_volume;QQQ_log_volume;QQQ_high_low_range,669.2701590415717
2024-05-06,2024-05-07,0.0011155157428559548,0.00012487709471088352,8,1,QQQ_return;SP500_mean_return;SP500_fraction_up;QQQ_intraday;IWM_intraday;SPY_log_volume;QQQ_log_volume;QQQ_high_low_range,670.4131817669207
2024-05-07,2024-05-08,7.963209974093388e-05,0.0003598203446833833,8,0,QQQ_return;SP500_mean_return;SP500_fraction_up;QQQ_intraday;IWM_intraday;SPY_log_volume;QQQ_log_volume;QQQ_high_low_range,672.5463843553371
2024-05-08,2024-05-09,0.005756496899770092,0.0004584990967416098,8,0,QQQ_return;SP500_mean_return;SP500_fraction_up;QQQ_intraday;IWM_intraday;SPY_log_volume;QQQ_log_volume;QQQ_high_low_range,670.3356979102945
2024-05-09,2024-05-10,0.0012857158757029197,0.0003136513441685803,8,0,QQQ_return;SP500_mean_return;SP500_fraction_up;QQQ_intraday;IWM_intraday;SPY_log_volume;QQQ_log_volume;QQQ_high_low_range,658.9414204987554
2024-05-10,2024-05-13,0.00013836316399284954,0.00037241375194291027,8,0,QQQ_return;SP500_mean_return;SP500_fraction_up;QQQ_intraday;IWM_intraday;SPY_log_volume;QQQ_log_volume;QQQ_high_low_range,665.2364495688018
2024-05-13,2024-05-14,0.004574952271699573,0.00042449626587810627,8,0,QQQ_return;SP500_mean_return;SP500_fraction_up;QQQ_intraday;IWM_intraday;SPY_log_volume;QQQ_log_volume;QQQ_high_low_range,663.5034505037793
2024-05-14,2024-05-15,0.012299364103078858,0.00046296688193337327,8,0,QQQ_return;SP500_mean_return;SP500_fraction_up;QQQ_intraday;IWM_intraday;SPY_log_volume;QQQ_log_volume;QQQ_high_low_range,665.1567737919032
2024-05-15,2024-05-16,-0.002062137181933821,0.0004999533268960124,8,0,QQQ_return;SP500_mean_return;SP500_fraction_up;QQQ_intraday;IWM_intraday;SPY_log_volume;QQQ_log_volume;QQQ_high_low_range,658.8847730462853
2024-05-16,2024-05-17,0.0014400531805343064,0.00046668105146762865,8,0,QQQ_return;SP500_mean_return;SP500_fraction_up;QQQ_intraday;IWM_intraday;SPY_log_volume;QQQ_log_volume;QQQ_high_low_range,664.2958620757938
2024-05-17,2024-05-20,0.0011660902320294042,0.000499227812356743,8,0,QQQ_return;SP500_mean_return;SP500_fraction_up;QQQ_intraday;IWM_intraday;SPY_log_volume;QQQ_log_volume;QQQ_high_low_range,660.9322828629095
2024-05-20,2024-05-21,0.0024443723735041445,0.0005196887631707807,8,0,QQQ_return;SP500_mean_return;SP500_fraction_up;QQQ_intraday;IWM_intraday;SPY_log_volume;QQQ_log_volume;QQQ_high_low_range,657.5101143357041
2024-05-21,2024-05-22,-0.002891212926861897,0.0004928639159643976,8,0,QQQ_return;SP500_mean_return;SP500_fraction_up;QQQ_intraday;IWM_intraday;SPY_log_volume;QQQ_log_volume;QQQ_high_low_range,666.2473552800698
2024-05-22,2024-05-23,-0.007333327190386818,0.00044350066964182186,8,0,QQQ_return;SP500_mean_return;SP500_fraction_up;QQQ_intraday;IWM_intraday;SPY_log_volume;QQQ_log_volume;QQQ_high_low_range,666.3374401051709
2024-05-23,2024-05-24,0.006594631149642538,0.0004593217964491536,8,0,QQQ_return;SP500_mean_return;SP500_fraction_up;QQQ_intraday;IWM_intraday;SPY_log_volume;QQQ_log_volume;QQQ_high_low_range,660.3990407262518
2024-05-24,2024-05-28,0.0006998309027688165,0.0005114924046331671,8,0,QQQ_return;SP500_mean_return;SP500_fraction_up;QQQ_intraday;IWM_intraday;SPY_log_volume;QQQ_log_volume;QQQ_high_low_range,654.5217424660856
2024-05-28,2024-05-29,-0.0070204465492480495,0.0004192061310426311,8,0,QQQ_return;SP500_mean_return;SP500_fraction_up;QQQ_intraday;IWM_intraday;SPY_log_volume;QQQ_log_volume;QQQ_high_low_range,657.5188028264896
2024-05-29,2024-05-30,-0.00665628470036328,0.0004439924274214596,8,0,QQQ_return;SP500_mean_return;SP500_fraction_up;QQQ_intraday;IWM_intraday;SPY_log_volume;QQQ_log_volume;QQQ_high_low_range,662.988048614722
2024-05-30,2024-05-31,0.009060484410037262,0.000501157714372572,8,0,QQQ_return;SP500_mean_return;SP500_fraction_up;QQQ_intraday;IWM_intraday;SPY_log_volume;QQQ_log_volume;QQQ_high_low_range,645.055165023325
2024-05-31,2024-06-03,0.0008196241896696321,0.0005295832164312298,8,0,QQQ_return;SP500_mean_return;SP500_fraction_up;QQQ_intraday;IWM_intraday;SPY_log_volume;QQQ_log_volume;QQQ_high_low_range,640.0190491958641
2024-06-03,2024-06-04,0.001111273692370851,0.0005233170850677867,8,0,QQQ_return;SP500_mean_return;SP500_fraction_up;QQQ_intraday;IWM_intraday;SPY_log_volume;QQQ_log_volume;QQQ_high_low_range,650.2538325008156
2024-06-04,2024-06-05,0.011815889224255471,0.0004894267274853654,8,0,QQQ_return;SP500_mean_return;SP500_fraction_up;QQQ_intraday;IWM_intraday;SPY_log_volume;QQQ_log_volume;QQQ_high_low_range,653.4163514993957
2024-06-05,2024-06-06,-1.9256506292641973e-05,0.0005264179256450899,8,0,QQQ_return;SP500_mean_return;SP500_fraction_up;QQQ_intraday;IWM_intraday;SPY_log_volume;QQQ_log_volume;QQQ_high_low_range,648.906857457819
2024-06-06,2024-06-07,-0.0012139080654787193,0.0005328319174004511,8,0,QQQ_return;SP500_mean_return;SP500_fraction_up;QQQ_intraday;IWM_intraday;SPY_log_volume;QQQ_log_volume;QQQ_high_low_range,652.3834256421934
2024-06-07,2024-06-10,0.003080064806256999,0.0004885457625019207,8,0,QQQ_return;SP500_mean_return;SP500_fraction_up;QQQ_intraday;IWM_intraday;SPY_log_volume;QQQ_log_volume;QQQ_high_low_range,658.2333870210903
2024-06-10,2024-06-11,0.0024188915614491435,0.000526884599380942,8,0,QQQ_return;SP500_mean_return;SP500_fraction_up;QQQ_intraday;IWM_intraday;SPY_log_volume;QQQ_log_volume;QQQ_high_low_range,652.3885134868384
2024-06-11,2024-06-12,0.008173131600694106,0.0005551854458314046,8,0,QQQ_return;SP500_mean_return;SP500_fraction_up;QQQ_intraday;IWM_intraday;SPY_log_volume;QQQ_log_volume;QQQ_high_low_range,651.6573883785603
2024-06-12,2024-06-13,0.0020139080409329324,0.0005959116127384955,8,0,QQQ_return;SP500_mean_return;SP500_fraction_up;QQQ_intraday;IWM_intraday;SPY_log_volume;QQQ_log_volume;QQQ_high_low_range,637.4155911631067
2024-06-13,2024-06-14,0.0006071760807371263,0.0005202595072198233,8,0,QQQ_return;SP500_mean_return;SP500_fraction_up;QQQ_intraday;IWM_intraday;SPY_log_volume;QQQ_log_volume;QQQ_high_low_range,654.9034806230909
2024-06-14,2024-06-17,0.007935200057750613,0.0005316487387878146,8,0,QQQ_return;SP500_mean_return;SP500_fraction_up;QQQ_intraday;IWM_intraday;SPY_log_volume;QQQ_log_volume;QQQ_high_low_range,655.7214223198715
2024-06-17,2024-06-18,0.0025372853396747885,0.0005684896324441915,8,0,QQQ_return;SP500_mean_return;SP500_fraction_up;QQQ_intraday;IWM_intraday;SPY_log_volume;QQQ_log_volume;QQQ_high_low_range,648.0301075441419
2024-06-18,2024-06-20,-0.0027254887504764014,0.0005622102949264513,8,0,QQQ_return;SP500_mean_return;SP500_fraction_up;QQQ_intraday;IWM_intraday;SPY_log_volume;QQQ_log_volume;QQQ_high_low_range,654.5194166217456
2024-06-20,2024-06-21,-0.0013372637061150883,0.0005216554392511488,8,0,QQQ_return;SP500_mean_return;SP500_fraction_up;QQQ_intraday;IWM_intraday;SPY_log_volume;QQQ_log_volume;QQQ_high_low_range,660.1728134144983
2024-06-21,2024-06-24,-0.003265910041636566,0.0004966703560267179,8,0,QQQ_return;SP500_mean_return;SP500_fraction_up;QQQ_intraday;IWM_intraday;SPY_log_volume;QQQ_log_volume;QQQ_high_low_range,660.7672850177145
2024-06-24,2024-06-25,0.0038500056991939147,0.0005752239947076776,8,0,QQQ_return;SP500_mean_return;SP500_fraction_up;QQQ_intraday;IWM_intraday;SPY_log_volume;QQQ_log_volume;QQQ_high_low_range,642.2243115206949
2024-06-25,2024-06-26,0.0012424232613579278,0.0005224585409436807,8,0,QQQ_return;SP500_mean_return;SP500_fraction_up;QQQ_intraday;IWM_intraday;SPY_log_volume;QQQ_log_volume;QQQ_high_low_range,655.7320790346479
2024-06-26,2024-06-27,0.0015790367399199923,0.00046914115077440914,8,0,QQQ_return;SP500_mean_return;SP500_fraction_up;QQQ_intraday;IWM_intraday;SPY_log_volume;QQQ_log_volume;QQQ_high_low_range,659.591799036221
2024-06-27,2024-06-28,-0.003952276759862983,0.0005519775144129325,8,0,QQQ_return;SP500_mean_return;SP500_fraction_up;QQQ_intraday;IWM_intraday;SPY_log_volume;QQQ_log_volume;QQQ_high_low_range,646.9960705929168
2024-06-28,2024-07-01,0.002072188217944415,0.0005383437466360194,8,0,QQQ_return;SP500_mean_return;SP500_fraction_up;QQQ_intraday;IWM_intraday;SPY_log_volume;QQQ_log_volume;QQQ_high_low_range,648.4525277644641
2024-07-01,2024-07-02,0.006695762813108352,0.0005047569927063922,8,0,QQQ_return;SP500_mean_return;SP500_fraction_up;QQQ_intraday;IWM_intraday;SPY_log_volume;QQQ_log_volume;QQQ_high_low_range,657.7916342351615
2024-07-02,2024-07-03,0.004457673541439,0.0004962150258718,8,0,QQQ_return;SP500_mean_return;SP500_fraction_up;QQQ_intraday;IWM_intraday;SPY_log_volume;QQQ_log_volume;QQQ_high_low_range,657.8430941606979
2024-07-03,2024-07-05,0.005752474575049682,0.000582679345011104,8,0,QQQ_return;SP500_mean_return;SP500_fraction_up;QQQ_intraday;IWM_intraday;SPY_log_volume;QQQ_log_volume;QQQ_high_low_range,637.8102228198851
2024-07-05,2024-07-08,0.0011465346325874037,0.0005224522944099664,8,0,QQQ_return;SP500_mean_return;SP500_fraction_up;QQQ_intraday;IWM_intraday;SPY_log_volume;QQQ_log_volume;QQQ_high_low_range,655.6787279429558
2024-07-08,2024-07-09,0.0009790611032656216,0.0004674769893415856,8,0,QQQ_return;SP500_mean_return;SP500_fraction_up;QQQ_intraday;IWM_intraday;SPY_log_volume;QQQ_log_volume;QQQ_high_low_range,660.2992785612779
2024-07-09,2024-07-10,0.00984795200747346,0.0005225008213387476,8,0,QQQ_return;SP500_mean_return;SP500_fraction_up;QQQ_intraday;IWM_intraday;SPY_log_volume;QQQ_log_volume;QQQ_high_low_range,655.6293891178332
2024-07-10,2024-07-11,-0.008666965746797928,0.0005286853258496301,8,0,QQQ_return;SP500_mean_return;SP500_fraction_up;QQQ_intraday;IWM_intraday;SPY_log_volume;QQQ_log_volume;QQQ_high_low_range,648.4332286194856
2024-07-11,2024-07-12,0.006287363298667081,0.0005581874695802474,8,0,QQQ_return;SP500_mean_return;SP500_fraction_up;QQQ_intraday;IWM_intraday;SPY_log_volume;QQQ_log_volume;QQQ_high_low_range,636.7757547995822
2024-07-12,2024-07-15,0.0027451930638360267,0.00048695895545676667,8,0,QQQ_return;SP500_mean_return;SP500_fraction_up;QQQ_intraday;IWM_intraday;SPY_log_volume;QQQ_log_volume;QQQ_high_low_range,654.144588231717
2024-07-15,2024-07-16,0.0059221908374942345,0.00047241497028063025,8,0,QQQ_return;SP500_mean_return;SP500_fraction_up;QQQ_intraday;IWM_intraday;SPY_log_volume;QQQ_log_volume;QQQ_high_low_range,659.2965450782214
2024-07-16,2024-07-17,-0.014125200545732852,0.0005524532774841374,8,0,QQQ_return;SP500_mean_return;SP500_fraction_up;QQQ_intraday;IWM_intraday;SPY_log_volume;QQQ_log_volume;QQQ_high_low_range,643.1573173359287
2024-07-17,2024-07-18,-0.007713618401971267,0.0004645610965716822,8,0,QQQ_return;SP500_mean_return;SP500_fraction_up;QQQ_intraday;IWM_intraday;SPY_log_volume;QQQ_log_volume;QQQ_high_low_range,662.5094070022116
2024-07-18,2024-07-19,-0.006670045036966776,0.0004466237737788311,8,0,QQQ_return;SP500_mean_return;SP500_fraction_up;QQQ_intraday;IWM_intraday;SPY_log_volume;QQQ_log_volume;QQQ_high_low_range,662.0285379852345
2024-07-19,2024-07-22,0.010266037716233356,0.0004561426338060402,8,0,QQQ_return;SP500_mean_return;SP500_fraction_up;QQQ_intraday;IWM_intraday;SPY_log_volume;QQQ_log_volume;QQQ_high_low_range,664.7576254681649
2024-07-22,2024-07-23,-0.0015739723823111618,0.0005409621771249481,8,0,QQQ_return;SP500_mean_return;SP500_fraction_up;QQQ_intraday;IWM_intraday;SPY_log_volume;QQQ_log_volume;QQQ_high_low_range,658.4140609382454
2024-07-23,2024-07-24,-0.022925305088780767,0.00048395064578426203,8,0,QQQ_return;SP500_mean_return;SP500_fraction_up;QQQ_intraday;IWM_intraday;SPY_log_volume;QQQ_log_volume;QQQ_high_low_range,663.7209940376482
2024-07-24,2024-07-25,-0.005228099093762317,-0.0011627631258074532,8,1,QQQ_return;SP500_mean_return;SP500_fraction_up;QQQ_intraday;IWM_intraday;SPY_log_volume;QQQ_log_volume;QQQ_high_low_range,655.4710641203964
2024-07-25,2024-07-26,0.011145555792305473,0.00048706337457750425,8,0,QQQ_return;SP500_mean_return;SP500_fraction_up;QQQ_intraday;IWM_intraday;SPY_log_volume;QQQ_log_volume;QQQ_high_low_range,675.0961096512998
2024-07-26,2024-07-29,0.0005841727055981849,0.0004910949752909244,8,0,QQQ_return;SP500_mean_return;SP500_fraction_up;QQQ_intraday;IWM_intraday;SPY_log_volume;QQQ_log_volume;QQQ_high_low_range,676.2511862429881
2024-07-29,2024-07-30,-0.005080515201106195,0.000446695846192026,8,0,QQQ_return;SP500_mean_return;SP500_fraction_up;QQQ_intraday;IWM_intraday;SPY_log_volume;QQQ_log_volume;QQQ_high_low_range,673.4053551490776
2024-07-30,2024-07-31,0.01613407773238862,0.0004853828956305094,8,0,QQQ_return;SP500_mean_return;SP500_fraction_up;QQQ_intraday;IWM_intraday;SPY_log_volume;QQQ_log_volume;QQQ_high_low_range,677.2238119871141
2024-07-31,2024-08-01,-0.014280193504249361,0.0005458658589069515,8,0,QQQ_return;SP500_mean_return;SP500_fraction_up;QQQ_intraday;IWM_intraday;SPY_log_volume;QQQ_log_volume;QQQ_high_low_range,673.3531767145907
2024-08-01,2024-08-02,-0.01879162863362538,0.0004211629634487738,8,0,QQQ_return;SP500_mean_return;SP500_fraction_up;QQQ_intraday;IWM_intraday;SPY_log_volume;QQQ_log_volume;QQQ_high_low_range,669.3559209299013
2024-08-02,2024-08-05,-0.02955071384071495,-0.00041916619416884924,8,1,QQQ_return;SP500_mean_return;SP500_fraction_up;QQQ_intraday;IWM_intraday;SPY_log_volume;QQQ_log_volume;QQQ_high_low_range,663.8001901257965
2024-08-05,2024-08-06,0.009181350468675298,-0.0003250515566594958,8,2,QQQ_return;SP500_mean_return;SP500_fraction_up;QQQ_intraday;IWM_intraday;SPY_log_volume;QQQ_log_volume;QQQ_high_low_range,651.9611646352371
2024-08-06,2024-08-07,-0.006704949294250362,0.003099474178993791,8,2,QQQ_return;SP500_mean_return;SP500_fraction_up;QQQ_intraday;IWM_intraday;SPY_log_volume;QQQ_log_volume;QQQ_high_low_range,674.5247512268089
2024-08-07,2024-08-08,0.02284785341105522,0.0014649506340536755,8,1,QQQ_return;SP500_mean_return;SP500_fraction_up;QQQ_intraday;IWM_intraday;SPY_log_volume;QQQ_log_volume;QQQ_high_low_range,672.2210872582215
2024-08-08,2024-08-09,0.004399767812297561,0.0016393173549528147,8,2,QQQ_return;SP500_mean_return;SP500_fraction_up;QQQ_intraday;IWM_intraday;SPY_log_volume;QQQ_log_volume;QQQ_high_low_range,654.7598426279695
2024-08-09,2024-08-12,0.0005197455288952213,0.0012563800538793516,8,2,QQQ_return;SP500_mean_return;SP500_fraction_up;QQQ_intraday;IWM_intraday;SPY_log_volume;QQQ_log_volume;QQQ_high_low_range,693.6642155323386
2024-08-12,2024-08-13,0.016320426379395236,0.0012337508962792366,8,2,QQQ_return;SP500_mean_return;SP500_fraction_up;QQQ_intraday;IWM_intraday;SPY_log_volume;QQQ_log_volume;QQQ_high_low_range,687.0560399322059
2024-08-13,2024-08-14,0.0031568725946131693,0.00028682456690541517,8,0,QQQ_return;SP500_mean_return;SP500_fraction_up;QQQ_intraday;IWM_intraday;SPY_log_volume;QQQ_log_volume;QQQ_high_low_range,655.5029374914485
2024-08-14,2024-08-15,0.016992062710922795,-2.2529445310838416e-05,8,1,QQQ_return;SP500_mean_return;SP500_fraction_up;QQQ_intraday;IWM_intraday;SPY_log_volume;QQQ_log_volume;QQQ_high_low_range,678.4674334355038
2024-08-15,2024-08-16,0.002242714438011717,0.0003993574953647834,8,0,QQQ_return;SP500_mean_return;SP500_fraction_up;QQQ_intraday;IWM_intraday;SPY_log_volume;QQQ_log_volume;QQQ_high_low_range,650.1586318464659
2024-08-16,2024-08-19,0.009507911908954725,-0.00037477834407343314,8,2,QQQ_return;SP500_mean_return;SP500_fraction_up;QQQ_intraday;IWM_intraday;SPY_log_volume;QQQ_log_volume;QQQ_high_low_range,680.0011424483209
2024-08-19,2024-08-20,-0.0016334924573024878,0.0005265868648161553,8,0,QQQ_return;SP500_mean_return;SP500_fraction_up;QQQ_intraday;IWM_intraday;SPY_log_volume;QQQ_log_volume;QQQ_high_low_range,678.6946999165533
2024-08-20,2024-08-21,0.0034290882345509033,0.0004235020763436448,8,0,QQQ_return;SP500_mean_return;SP500_fraction_up;QQQ_intraday;IWM_intraday;SPY_log_volume;QQQ_log_volume;QQQ_high_low_range,647.935481184584
2024-08-21,2024-08-22,-0.007865807926924262,0.0005294141170194965,8,0,QQQ_return;SP500_mean_return;SP500_fraction_up;QQQ_intraday;IWM_intraday;SPY_log_volume;QQQ_log_volume;QQQ_high_low_range,681.3909328339124
2024-08-22,2024-08-23,0.0105714273906381,0.0004904997735659946,8,0,QQQ_return;SP500_mean_return;SP500_fraction_up;QQQ_intraday;IWM_intraday;SPY_log_volume;QQQ_log_volume;QQQ_high_low_range,678.4600706529052
2024-08-23,2024-08-26,-0.002394466456289379,0.0004374423036330905,8,0,QQQ_return;SP500_mean_return;SP500_fraction_up;QQQ_intraday;IWM_intraday;SPY_log_volume;QQQ_log_volume;QQQ_high_low_range,668.3098465178886
2024-08-26,2024-08-27,0.0013715792682660322,0.00046848711042751513,8,0,QQQ_return;SP500_mean_return;SP500_fraction_up;QQQ_intraday;IWM_intraday;SPY_log_volume;QQQ_log_volume;QQQ_high_low_range,688.9613738643525
2024-08-27,2024-08-28,-0.00582846224762168,0.0004907667491814458,8,0,QQQ_return;SP500_mean_return;SP500_fraction_up;QQQ_intraday;IWM_intraday;SPY_log_volume;QQQ_log_volume;QQQ_high_low_range,691.8846962241668
2024-08-28,2024-08-29,9.190585171037213e-05,0.0003690123287366747,8,0,QQQ_return;SP500_mean_return;SP500_fraction_up;QQQ_intraday;IWM_intraday;SPY_log_volume;QQQ_log_volume;QQQ_high_low_range,675.1770243596686
2024-08-29,2024-08-30,0.009512382852765455,0.00031496922009474285,8,0,QQQ_return;SP500_mean_return;SP500_fraction_up;QQQ_intraday;IWM_intraday;SPY_log_volume;QQQ_log_volume;QQQ_high_low_range,657.9241354942515
2024-08-30,2024-09-03,-0.020806298704488135,0.0003234426042655174,8,0,QQQ_return;SP500_mean_return;SP500_fraction_up;QQQ_intraday;IWM_intraday;SPY_log_volume;QQQ_log_volume;QQQ_high_low_range,547.3791640672589
2024-09-03,2024-09-04,-0.0020468931597736884,-0.0007177685545220135,8,1,QQQ_return;SP500_mean_return;SP500_fraction_up;QQQ_intraday;IWM_intraday;SPY_log_volume;QQQ_log_volume;QQQ_high_low_range,620.7173064919425
2024-09-04,2024-09-05,-0.0024244696695063794,0.00037341641264476786,8,0,QQQ_return;SP500_mean_return;SP500_fraction_up;QQQ_intraday;IWM_intraday;SPY_log_volume;QQQ_log_volume;QQQ_high_low_range,674.3741423051383
2024-09-05,2024-09-06,-0.01698594620292937,0.00042237383445466355,8,0,QQQ_return;SP500_mean_return;SP500_fraction_up;QQQ_intraday;IWM_intraday;SPY_log_volume;QQQ_log_volume;QQQ_high_low_range,659.0089298156855
2024-09-06,2024-09-09,0.011143123535791943,0.0003198164304569199,8,0,QQQ_return;SP500_mean_return;SP500_fraction_up;QQQ_intraday;IWM_intraday;SPY_log_volume;QQQ_log_volume;QQQ_high_low_range,670.9079728231935
2024-09-09,2024-09-10,0.004347914419014387,0.0004002555209476533,8,0,QQQ_return;SP500_mean_return;SP500_fraction_up;QQQ_intraday;IWM_intraday;SPY_log_volume;QQQ_log_volume;QQQ_high_low_range,674.0418685826052
2024-09-10,2024-09-11,0.010195626841031924,0.0004771752101319249,8,0,QQQ_return;SP500_mean_return;SP500_fraction_up;QQQ_intraday;IWM_intraday;SPY_log_volume;QQQ_log_volume;QQQ_high_low_range,666.0795933775704
2024-09-11,2024-09-12,0.008387068638370465,0.00046217757795901716,8,0,QQQ_return;SP500_mean_return;SP500_fraction_up;QQQ_intraday;IWM_intraday;SPY_log_volume;QQQ_log_volume;QQQ_high_low_range,669.7175839195226
2024-09-12,2024-09-13,0.0052178329860037564,0.0005486354987446192,8,0,QQQ_return;SP500_mean_return;SP500_fraction_up;QQQ_intraday;IWM_intraday;SPY_log_volume;QQQ_log_volume;QQQ_high_low_range,656.7337086084291
2024-09-13,2024-09-16,0.0014780080605332202,0.0005269656275480634,8,0,QQQ_return;SP500_mean_return;SP500_fraction_up;QQQ_intraday;IWM_intraday;SPY_log_volume;QQQ_log_volume;QQQ_high_low_range,665.4401944671041
2024-09-16,2024-09-17,0.0004010573383439464,0.0005439156761460347,8,0,QQQ_return;SP500_mean_return;SP500_fraction_up;QQQ_intraday;IWM_intraday;SPY_log_volume;QQQ_log_volume;QQQ_high_low_range,667.1719316066205
2024-09-17,2024-09-18,-0.0029752963017806167,0.0004516923907668677,8,0,QQQ_return;SP500_mean_return;SP500_fraction_up;QQQ_intraday;IWM_intraday;SPY_log_volume;QQQ_log_volume;QQQ_high_low_range,675.9041463040711
2024-09-18,2024-09-19,0.016929895026067676,0.0005025707161991268,8,0,QQQ_return;SP500_mean_return;SP500_fraction_up;QQQ_intraday;IWM_intraday;SPY_log_volume;QQQ_log_volume;QQQ_high_low_range,675.4977844353988
2024-09-19,2024-09-20,-0.0017269607990639813,0.0003793432020357649,8,0,QQQ_return;SP500_mean_return;SP500_fraction_up;QQQ_intraday;IWM_intraday;SPY_log_volume;QQQ_log_volume;QQQ_high_low_range,650.1313415917693
2024-09-20,2024-09-23,0.0024815693367949976,0.00056315155915868,8,0,QQQ_return;SP500_mean_return;SP500_fraction_up;QQQ_intraday;IWM_intraday;SPY_log_volume;QQQ_log_volume;QQQ_high_low_range,656.3622248070179
2024-09-23,2024-09-24,0.0028694938895350575,0.0005474448456539073,8,0,QQQ_return;SP500_mean_return;SP500_fraction_up;QQQ_intraday;IWM_intraday;SPY_log_volume;QQQ_log_volume;QQQ_high_low_range,672.9936361424568
2024-09-24,2024-09-25,-0.002205191158521025,0.0005557862881817594,8,0,QQQ_return;SP500_mean_return;SP500_fraction_up;QQQ_intraday;IWM_intraday;SPY_log_volume;QQQ_log_volume;QQQ_high_low_range,671.3594757988963
2024-09-25,2024-09-26,0.003958698621854495,0.0005022496013737713,8,0,QQQ_return;SP500_mean_return;SP500_fraction_up;QQQ_intraday;IWM_intraday;SPY_log_volume;QQQ_log_volume;QQQ_high_low_range,669.4652126570695
2024-09-26,2024-09-27,-0.001467010424827997,0.0005435060633362682,8,0,QQQ_return;SP500_mean_return;SP500_fraction_up;QQQ_intraday;IWM_intraday;SPY_log_volume;QQQ_log_volume;QQQ_high_low_range,666.0430451109324
2024-09-27,2024-09-30,0.004002363875493131,0.0005411715303212825,8,0,QQQ_return;SP500_mean_return;SP500_fraction_up;QQQ_intraday;IWM_intraday;SPY_log_volume;QQQ_log_volume;QQQ_high_low_range,668.0754191501866
2024-09-30,2024-10-01,-0.008991964291166887,0.0003779595605927653,8,0,QQQ_return;SP500_mean_return;SP500_fraction_up;QQQ_intraday;IWM_intraday;SPY_log_volume;QQQ_log_volume;QQQ_high_low_range,662.8292559323478
2024-10-01,2024-10-02,0.00041375464939896744,0.0005260942401257482,8,0,QQQ_return;SP500_mean_return;SP500_fraction_up;QQQ_intraday;IWM_intraday;SPY_log_volume;QQQ_log_volume;QQQ_high_low_range,670.4169238618371
2024-10-02,2024-10-03,-0.0018181986844920672,0.0005327972521880787,8,0,QQQ_return;SP500_mean_return;SP500_fraction_up;QQQ_intraday;IWM_intraday;SPY_log_volume;QQQ_log_volume;QQQ_high_low_range,667.7595001488534
2024-10-03,2024-10-04,0.009040258156778336,0.00046363282600664905,8,0,QQQ_return;SP500_mean_return;SP500_fraction_up;QQQ_intraday;IWM_intraday;SPY_log_volume;QQQ_log_volume;QQQ_high_low_range,662.3211277179936
2024-10-04,2024-10-07,-0.00907629549146094,0.0005775476667907387,8,0,QQQ_return;SP500_mean_return;SP500_fraction_up;QQQ_intraday;IWM_intraday;SPY_log_volume;QQQ_high_low_range;QQQ_log_volume,646.1194422243617
2024-10-07,2024-10-08,0.009415505492482268,0.0005223434734239595,8,0,QQQ_return;SP500_mean_return;SP500_fraction_up;QQQ_intraday;IWM_intraday;SPY_log_volume;QQQ_log_volume;QQQ_high_low_range,668.0450118058632
2024-10-08,2024-10-09,0.006901977022040207,0.000574287476213072,8,0,QQQ_return;SP500_mean_return;SP500_fraction_up;QQQ_intraday;IWM_intraday;SPY_log_volume;QQQ_high_low_range;QQQ_log_volume,654.3867170882679
2024-10-09,2024-10-10,-0.001756549808023422,0.0006097422372248681,8,0,QQQ_return;SP500_mean_return;SP500_fraction_up;QQQ_intraday;IWM_intraday;SPY_log_volume;QQQ_high_low_range;QQQ_log_volume,649.8491962323193
2024-10-10,2024-10-11,0.005966784405611492,0.0005939587973834247,8,0,QQQ_return;SP500_mean_return;SP500_fraction_up;QQQ_intraday;IWM_intraday;SPY_log_volume;QQQ_high_low_range;QQQ_log_volume,653.814945266242
2024-10-11,2024-10-14,0.008140060242288527,0.0005852484984988174,8,0,QQQ_return;SP500_mean_return;SP500_fraction_up;QQQ_intraday;IWM_intraday;SPY_log_volume;QQQ_high_low_range;QQQ_log_volume,647.5941295895318
2024-10-14,2024-10-15,-0.007787065074656319,0.0006113721382440593,8,0,QQQ_return;SP500_mean_return;SP500_fraction_up;QQQ_intraday;IWM_intraday;SPY_log_volume;QQQ_high_low_range;QQQ_log_volume,652.657737274173
2024-10-15,2024-10-16,0.004331679045103343,0.0005509358332276262,8,0,QQQ_return;SP500_mean_return;SP500_fraction_up;QQQ_intraday;IWM_intraday;SPY_log_volume;QQQ_log_volume;QQQ_high_low_range,663.9647358223045
2024-10-16,2024-10-17,8.784798789829296e-05,0.0006801263406255427,8,0,QQQ_return;SP500_mean_return;SP500_fraction_up;QQQ_intraday;IWM_intraday;SPY_log_volume;QQQ_high_low_range;QQQ_log_volume,628.580642924787
2024-10-17,2024-10-18,0.0038401898898579034,0.0005262111043298726,8,0,QQQ_return;SP500_mean_return;SP500_fraction_up;QQQ_intraday;IWM_intraday;SPY_log_volume;QQQ_high_low_range;QQQ_log_volume,659.9821723881141
2024-10-18,2024-10-21,-0.0016464945654437457,0.000563731105340522,8,0,QQQ_return;SP500_mean_return;SP500_fraction_up;QQQ_intraday;IWM_intraday;SPY_log_volume;QQQ_high_low_range;QQQ_log_volume,654.1014356404788
2024-10-21,2024-10-22,-0.0005260481630715574,0.000567697029000919,8,0,QQQ_return;SP500_mean_return;SP500_fraction_up;QQQ_intraday;IWM_intraday;SPY_log_volume;QQQ_log_volume;QQQ_high_low_range,660.7353258516744
2024-10-22,2024-10-23,-0.00918011503983518,0.00048856998495298,8,0,QQQ_return;SP500_mean_return;SP500_fraction_up;QQQ_intraday;IWM_intraday;SPY_log_volume;QQQ_high_low_range;QQQ_log_volume,660.6159657065988
2024-10-23,2024-10-24,0.002157231094389367,0.0005445415382349361,8,0,QQQ_return;SP500_mean_return;SP500_fraction_up;QQQ_intraday;IWM_intraday;SPY_log_volume;QQQ_high_low_range;QQQ_log_volume,656.888528947686
2024-10-24,2024-10-25,-0.0003533256816199426,0.0005570284321098398,8,0,QQQ_return;SP500_mean_return;SP500_fraction_up;QQQ_intraday;IWM_intraday;SPY_log_volume;QQQ_high_low_range;QQQ_log_volume,655.0886473204164
2024-10-25,2024-10-28,0.0030873750982518544,0.0005510852318174331,8,0,QQQ_return;SP500_mean_return;SP500_fraction_up;QQQ_intraday;IWM_intraday;SPY_log_volume;QQQ_high_low_range;QQQ_log_volume,657.5639210107978
2024-10-28,2024-10-29,0.001619262533477439,0.0004523057268990841,8,0,QQQ_return;SP500_mean_return;SP500_fraction_up;QQQ_intraday;IWM_intraday;SPY_log_volume;QQQ_high_low_range;QQQ_log_volume,661.8849053364822
2024-10-29,2024-10-30,-0.0030294513799002942,0.0005329044216347768,8,0,QQQ_return;SP500_mean_return;SP500_fraction_up;QQQ_intraday;IWM_intraday;SPY_log_volume;QQQ_high_low_range;QQQ_log_volume,655.0407212193996
2024-10-30,2024-10-31,-0.019792396267197532,0.0004928596844296243,8,0,QQQ_return;SP500_mean_return;SP500_fraction_up;QQQ_intraday;IWM_intraday;SPY_log_volume;QQQ_high_low_range;QQQ_log_volume,658.4382902768347
2024-10-31,2024-11-01,0.004201385094204646,0.0005070774093890101,8,0,QQQ_return;SP500_mean_return;SP500_fraction_up;QQQ_intraday;IWM_intraday;SPY_log_volume;QQQ_high_low_range;QQQ_log_volume,637.9839920403897
2024-11-01,2024-11-04,-0.002152351377076478,0.0004357897725392722,8,0,QQQ_return;SP500_mean_return;SP500_fraction_up;QQQ_intraday;IWM_intraday;SPY_log_volume;QQQ_high_low_range;QQQ_log_volume,662.4476569558755
2024-11-04,2024-11-05,0.012029415093352647,0.0005008813658321548,8,0,QQQ_return;SP500_mean_return;SP500_fraction_up;QQQ_intraday;IWM_intraday;SPY_log_volume;QQQ_high_low_range;QQQ_log_volume,659.4823607457427
2024-11-05,2024-11-06,0.024551108269385225,0.0005236868719625978,8,0,QQQ_return;SP500_mean_return;SP500_fraction_up;QQQ_intraday;IWM_intraday;SPY_log_volume;QQQ_high_low_range;QQQ_log_volume,654.468467978865
2024-11-06,2024-11-07,0.00770806434009863,0.0005001434874371101,8,0,QQQ_return;SP500_mean_return;SP500_fraction_up;QQQ_intraday;IWM_intraday;SPY_log_volume;QQQ_high_low_range;QQQ_log_volume,650.3453624995356
2024-11-07,2024-11-08,0.004319439019017324,0.0006167809375378535,8,0,QQQ_return;SP500_mean_return;SP500_fraction_up;QQQ_intraday;IWM_intraday;SPY_log_volume;QQQ_high_low_range;QQQ_log_volume,657.8766424674457
2024-11-08,2024-11-11,0.0009573468548946806,0.0005854062130049701,8,0,QQQ_return;SP500_mean_return;SP500_fraction_up;QQQ_intraday;IWM_intraday;SPY_log_volume;QQQ_high_low_range;QQQ_log_volume,661.4166084832165
2024-11-11,2024-11-12,-0.0031147341720361155,0.0005180849631831501,8,0,QQQ_return;SP500_mean_return;SP500_fraction_up;QQQ_intraday;IWM_intraday;SPY_log_volume;QQQ_high_low_range;QQQ_log_volume,665.7283648630877
2024-11-12,2024-11-13,0.00047982178968730693,0.0006025451871190124,8,0,QQQ_return;SP500_mean_return;SP500_fraction_up;QQQ_intraday;IWM_intraday;SPY_log_volume;QQQ_high_low_range;QQQ_log_volume,661.0366297022538
2024-11-13,2024-11-14,-0.006445370061126887,0.0005579514025492051,8,0,QQQ_return;SP500_mean_return;SP500_fraction_up;QQQ_intraday;IWM_intraday;SPY_log_volume;QQQ_high_low_range;QQQ_log_volume,669.4696658409287
2024-11-14,2024-11-15,-0.012894447388708485,0.0005834104324841034,8,0,QQQ_return;SP500_mean_return;SP500_fraction_up;QQQ_intraday;IWM_intraday;SPY_log_volume;QQQ_high_low_range;QQQ_log_volume,671.2430738942426
2024-11-15,2024-11-18,0.004096330366084366,0.00044771725169929057,8,0,QQQ_return;SP500_mean_return;SP500_fraction_up;QQQ_intraday;IWM_intraday;SPY_log_volume;QQQ_high_low_range;QQQ_log_volume,672.4471753775371
2024-11-18,2024-11-19,0.0036464071241155693,0.0005386287075879056,8,1,QQQ_return;SP500_mean_return;SP500_fraction_up;QQQ_intraday;IWM_intraday;SPY_log_volume;QQQ_high_low_range;QQQ_log_volume,668.1284136321542
2024-11-19,2024-11-20,0.0003292580459683947,0.00045809545666763925,8,0,QQQ_return;SP500_mean_return;SP500_fraction_up;QQQ_intraday;IWM_intraday;SPY_log_volume;QQQ_high_low_range;QQQ_log_volume,669.3466651760318
2024-11-20,2024-11-21,0.005356847093625383,0.0005607121717064054,8,0,QQQ_return;SP500_mean_return;SP500_fraction_up;QQQ_intraday;IWM_intraday;SPY_log_volume;QQQ_high_low_range;QQQ_log_volume,666.5139292819007
2024-11-21,2024-11-22,0.003097309539703552,0.00039147683799585595,8,1,QQQ_return;SP500_mean_return;SP500_fraction_up;QQQ_intraday;IWM_intraday;SPY_log_volume;QQQ_high_low_range;QQQ_log_volume,664.6248575176705
2024-11-22,2024-11-25,0.003378874122918596,0.0004238050708481346,8,1,QQQ_return;SP500_mean_return;SP500_fraction_up;QQQ_intraday;IWM_intraday;SPY_log_volume;QQQ_high_low_range;QQQ_log_volume,657.4417849968232
2024-11-25,2024-11-26,0.005208834327055101,0.00032160095437606733,8,1,QQQ_return;SP500_mean_return;SP500_fraction_up;QQQ_intraday;IWM_intraday;SPY_log_volume;QQQ_high_low_range;QQQ_log_volume,666.241049813841
2024-11-26,2024-11-27,-0.003019526847048759,0.0005356125711721249,8,0,QQQ_return;SP500_mean_return;SP500_fraction_up;QQQ_intraday;IWM_intraday;SPY_log_volume;QQQ_high_low_range;QQQ_log_volume,670.1192170282309
2024-11-27,2024-11-29,0.006182794790876578,0.00042419157498424184,8,0,QQQ_return;SP500_mean_return;SP500_fraction_up;QQQ_intraday;IWM_intraday;SPY_log_volume;QQQ_high_low_range;QQQ_log_volume,667.0150350419101
2024-11-29,2024-12-02,0.0017982565155323371,0.0006033564936913676,8,0,QQQ_return;SP500_mean_return;SP500_fraction_up;QQQ_intraday;IWM_intraday;SPY_log_volume;QQQ_high_low_range;QQQ_log_volume,652.3615865717347
2024-12-02,2024-12-03,0.00045753019226424385,0.0005833631234770871,8,0,QQQ_return;SP500_mean_return;SP500_fraction_up;QQQ_intraday;IWM_intraday;QQQ_high_low_range;SPY_log_volume;QQQ_log_volume,657.3840186221421
2024-12-03,2024-12-04,0.00619834950467002,0.0006741880418458171,8,0,QQQ_return;SP500_mean_return;SP500_fraction_up;QQQ_intraday;IWM_intraday;SPY_log_volume;QQQ_high_low_range;QQQ_log_volume,653.846591215806
2024-12-04,2024-12-05,-0.001651388889714056,0.0007168210906065,8,0,QQQ_return;SP500_mean_return;SP500_fraction_up;QQQ_intraday;IWM_intraday;QQQ_high_low_range;SPY_log_volume;QQQ_log_volume,644.6455819850373
2024-12-05,2024-12-06,0.00188707912649555,0.000621357141552321,8,0,QQQ_return;SP500_mean_return;SP500_fraction_up;QQQ_intraday;IWM_intraday;QQQ_high_low_range;SPY_log_volume;QQQ_log_volume,658.0716430257683
2024-12-06,2024-12-09,-0.005164219800577463,0.0006438336414456626,8,0,QQQ_return;SP500_mean_return;SP500_fraction_up;QQQ_intraday;IWM_intraday;QQQ_high_low_range;SPY_log_volume;QQQ_log_volume,653.4542465772759
2024-12-09,2024-12-10,-0.003101198055665222,0.0006221462811041609,8,0,QQQ_return;SP500_mean_return;SP500_fraction_up;QQQ_intraday;IWM_intraday;QQQ_high_low_range;SPY_log_volume;QQQ_log_volume,655.3691294218601
2024-12-10,2024-12-11,0.007692930889941607,0.00048716113428320295,8,0,QQQ_return;SP500_mean_return;SP500_fraction_up;QQQ_intraday;IWM_intraday;QQQ_high_low_range;SPY_log_volume;QQQ_log_volume,656.8738765072303
2024-12-11,2024-12-12,-0.00516718474914768,0.0005277616356957732,8,0,QQQ_return;SP500_mean_return;SP500_fraction_up;QQQ_intraday;IWM_intraday;SPY_log_volume;QQQ_high_low_range;QQQ_log_volume,656.4853785877782
2024-12-12,2024-12-13,-0.00020317976399475413,0.0005083773753068834,8,0,QQQ_return;SP500_mean_return;SP500_fraction_up;QQQ_intraday;IWM_intraday;SPY_log_volume;QQQ_high_low_range;QQQ_log_volume,654.4499687109998
2024-12-13,2024-12-16,0.004274991091969049,0.0004614750283435958,8,0,QQQ_return;SP500_mean_return;SP500_fraction_up;QQQ_intraday;IWM_intraday;SPY_log_volume;QQQ_high_low_range;QQQ_log_volume,653.7495506767879
2024-12-16,2024-12-17,-0.004139533329185596,0.0005808804256804296,8,0,QQQ_return;SP500_mean_return;SP500_fraction_up;QQQ_intraday;IWM_intraday;SPY_log_volume;QQQ_high_low_range;QQQ_log_volume,652.6641065722279
2024-12-17,2024-12-18,-0.030251692455486534,0.0005580317748486313,8,0,QQQ_return;SP500_mean_return;SP500_fraction_up;QQQ_intraday;IWM_intraday;SPY_log_volume;QQQ_high_low_range;QQQ_log_volume,658.6138343105868
2024-12-18,2024-12-19,-0.000314169025518396,-0.0013860350866082274,8,1,QQQ_return;SP500_mean_return;SP500_fraction_up;QQQ_intraday;IWM_intraday;SPY_log_volume;QQQ_high_low_range;QQQ_log_volume,623.6433482347054
2024-12-19,2024-12-20,0.011938575572661314,0.0005797958484940438,8,0,QQQ_return;SP500_mean_return;SP500_fraction_up;QQQ_intraday;IWM_intraday;QQQ_high_low_range;SPY_log_volume;QQQ_log_volume,669.2155364388283
2024-12-20,2024-12-23,0.005967702782152529,0.0011276261809759804,8,1,QQQ_return;SP500_mean_return;SP500_fraction_up;QQQ_intraday;IWM_intraday;QQQ_high_low_range;SPY_log_volume;QQQ_log_volume,660.2946325133504
2024-12-23,2024-12-24,0.011066794393085111,0.000674501047302435,8,0,QQQ_return;SP500_mean_return;SP500_fraction_up;QQQ_intraday;IWM_intraday;QQQ_high_low_range;SPY_log_volume;QQQ_log_volume,664.8260963838078
2024-12-24,2024-12-26,6.782995034093631e-05,0.0006799500299804526,8,1,QQQ_return;SP500_mean_return;SP500_fraction_up;QQQ_intraday;IWM_intraday;QQQ_high_low_range;SPY_log_volume;QQQ_log_volume,666.3824757903019
2024-12-26,2024-12-27,-0.010586077977504438,0.0005944994375950158,8,0,QQQ_return;SP500_mean_return;SP500_fraction_up;QQQ_intraday;IWM_intraday;QQQ_high_low_range;SPY_log_volume;QQQ_log_volume,669.7707674450844
2024-12-27,2024-12-30,-0.011479124308163335,0.0005355274784111963,8,0,QQQ_return;SP500_mean_return;SP500_fraction_up;QQQ_intraday;IWM_intraday;QQQ_high_low_range;SPY_log_volume;QQQ_log_volume,672.7315127774135
2024-12-30,2024-12-31,-0.0036470403912005622,0.0005133872950712944,8,0,QQQ_return;SP500_mean_return;SP500_fraction_up;QQQ_intraday;IWM_intraday;QQQ_high_low_range;SPY_log_volume;QQQ_log_volume,679.8382724982416
2024-12-31,2025-01-02,-0.002456211876692649,0.0005268534403688816,8,0,QQQ_return;SP500_mean_return;SP500_fraction_up;QQQ_intraday;IWM_intraday;QQQ_high_low_range;SPY_log_volume;QQQ_log_volume,679.431487406011
2025-01-02,2025-01-03,0.012427903117848693,0.0011589322649419058,8,1,QQQ_return;SP500_mean_return;SP500_fraction_up;QQQ_intraday;IWM_intraday;QQQ_high_low_range;SPY_log_volume;QQQ_log_volume,679.5427020591582
2025-01-03,2025-01-06,0.005736974459789934,0.0008304282050471531,8,1,QQQ_return;SP500_mean_return;SP500_fraction_up;QQQ_intraday;IWM_intraday;QQQ_high_low_range;SPY_log_volume;QQQ_log_volume,679.570399709081
2025-01-06,2025-01-07,-0.011368456460724374,0.0007408899983322536,8,1,QQQ_return;SP500_mean_return;SP500_fraction_up;QQQ_intraday;IWM_intraday;QQQ_high_low_range;SPY_log_volume;QQQ_log_volume,677.9297771236357
2025-01-07,2025-01-08,0.0014713903829139952,0.0005112922472712072,8,0,QQQ_return;SP500_mean_return;SP500_fraction_up;QQQ_intraday;IWM_intraday;QQQ_high_low_range;SPY_log_volume;QQQ_log_volume,675.4959013921704
2025-01-08,2025-01-10,-0.015391757506671766,0.0005092038612721188,8,0,QQQ_return;SP500_mean_return;SP500_fraction_up;QQQ_intraday;IWM_intraday;QQQ_high_low_range;SPY_log_volume;QQQ_log_volume,676.1108699031288
2025-01-10,2025-01-13,0.0015446187161449743,-0.00018733414437963525,8,1,QQQ_return;SP500_mean_return;SP500_fraction_up;QQQ_intraday;IWM_intraday;QQQ_high_low_range;SPY_log_volume;QQQ_log_volume,675.6518240782339
2025-01-13,2025-01-14,0.0013846169540423503,0.0010202806881360268,8,1,QQQ_return;SP500_mean_return;SP500_fraction_up;QQQ_intraday;IWM_intraday;QQQ_high_low_range;SPY_log_volume;SPY_high_low_range,680.8611611301034
2025-01-14,2025-01-15,0.01801694169176482,0.0010767422277620964,8,1,QQQ_return;SP500_mean_return;SP500_fraction_up;QQQ_intraday;IWM_intraday;QQQ_high_low_range;SPY_log_volume;SPY_high_low_range,679.0580492239004
2025-01-15,2025-01-16,-0.0019284748645906902,0.0006906007174290806,8,1,QQQ_return;SP500_mean_return;SP500_fraction_up;QQQ_intraday;IWM_intraday;QQQ_high_low_range;SPY_log_volume;SPY_high_low_range,658.4160812822133
2025-01-16,2025-01-17,0.00999793965828033,0.0005731138763436616,8,1,QQQ_return;SP500_mean_return;SP500_fraction_up;QQQ_intraday;IWM_intraday;QQQ_high_low_range;SPY_log_volume;SPY_high_low_range,681.3371602900482
2025-01-17,2025-01-21,0.009104560785265114,6.846528108369116e-05,8,0,QQQ_return;SP500_mean_return;SP500_fraction_up;QQQ_intraday;IWM_intraday;QQQ_high_low_range;SPY_log_volume;SPY_high_low_range,518.1050371515623
2025-01-21,2025-01-22,0.005614913624659046,0.0005068916758249665,8,0,QQQ_return;SP500_mean_return;SP500_fraction_up;QQQ_intraday;IWM_intraday;QQQ_high_low_range;SPY_log_volume;SPY_high_low_range,670.2933648098924
2025-01-22,2025-01-23,0.005433064425098166,0.0006093499830767403,8,0,QQQ_return;SP500_mean_return;SP500_fraction_up;QQQ_intraday;IWM_intraday;QQQ_high_low_range;SPY_log_volume;SPY_high_low_range,672.0867472903906
2025-01-23,2025-01-24,-0.002914086805100524,0.0006210118217131103,8,0,QQQ_return;SP500_mean_return;SP500_fraction_up;QQQ_intraday;IWM_intraday;QQQ_high_low_range;SPY_log_volume;SPY_high_low_range,668.0065184676774
2025-01-24,2025-01-27,-0.014256757412248966,0.000672707780477012,8,0,QQQ_return;SP500_mean_return;SP500_fraction_up;QQQ_intraday;IWM_intraday;QQQ_high_low_range;SPY_log_volume;SPY_high_low_range,667.6288852217666
2025-01-27,2025-01-28,0.008571674653294892,0.0006124336558003589,8,0,QQQ_return;SP500_mean_return;SP500_fraction_up;QQQ_intraday;IWM_intraday;QQQ_high_low_range;SPY_log_volume;SPY_high_low_range,669.4645776399609
2025-01-28,2025-01-29,-0.004496896947795648,0.00025110740060276486,8,1,QQQ_return;SP500_mean_return;SP500_fraction_up;QQQ_intraday;IWM_intraday;QQQ_high_low_range;SPY_log_volume;SPY_high_low_range,667.0264904755837
2025-01-29,2025-01-30,0.00535677847201832,0.00039429009867325505,8,1,QQQ_return;SP500_mean_return;SP500_fraction_up;QQQ_intraday;IWM_intraday;QQQ_high_low_range;SPY_log_volume;SPY_high_low_range,666.8975146009204
2025-01-30,2025-01-31,-0.005339834919463549,0.00035131577431902984,8,1,QQQ_return;SP500_mean_return;SP500_fraction_up;QQQ_intraday;IWM_intraday;QQQ_high_low_range;SPY_log_volume;SPY_high_low_range,665.5980460857634
2025-01-31,2025-02-03,-0.00674925846887664,0.0005177881281412722,8,1,QQQ_return;SP500_mean_return;SP500_fraction_up;QQQ_intraday;IWM_intraday;QQQ_high_low_range;SPY_log_volume;SPY_high_low_range,669.9209293486879
2025-02-03,2025-02-04,0.00668148253608436,0.0006696507016817929,8,0,QQQ_return;SP500_mean_return;SP500_fraction_up;QQQ_intraday;IWM_intraday;QQQ_high_low_range;SPY_log_volume;SPY_high_low_range,658.3839849208052
2025-02-04,2025-02-05,0.004041571058411186,0.00060210321086204,8,1,QQQ_return;SP500_mean_return;SP500_fraction_up;QQQ_intraday;IWM_intraday;QQQ_high_low_range;SPY_log_volume;SPY_high_low_range,661.5738357473249
2025-02-05,2025-02-06,0.0034704708170449905,0.0004006160484926019,8,1,QQQ_return;SP500_mean_return;SP500_fraction_up;QQQ_intraday;IWM_intraday;QQQ_high_low_range;SPY_log_volume;SPY_high_low_range,671.4679209119213
2025-02-06,2025-02-07,-0.009190961656261543,0.0004028937536246854,8,1,QQQ_return;SP500_mean_return;SP500_fraction_up;QQQ_intraday;IWM_intraday;QQQ_high_low_range;SPY_log_volume;SPY_high_low_range,669.0658062185263
2025-02-07,2025-02-10,0.006766269027162153,0.00044488066501695105,8,0,QQQ_return;SP500_mean_return;SP500_fraction_up;QQQ_intraday;IWM_intraday;QQQ_high_low_range;SPY_log_volume;SPY_high_low_range,661.6675124891641
2025-02-10,2025-02-11,0.0007583481855526486,0.0005853771093024335,8,1,QQQ_return;SP500_mean_return;SP500_fraction_up;QQQ_intraday;IWM_intraday;QQQ_high_low_range;SPY_log_volume;SPY_high_low_range,663.5354068679786
2025-02-11,2025-02-12,-0.003222734011806061,0.000612819539387627,8,0,QQQ_return;SP500_mean_return;SP500_fraction_up;QQQ_intraday;IWM_intraday;QQQ_high_low_range;SPY_log_volume;SPY_high_low_range,665.6968895597735
2025-02-12,2025-02-13,0.010490488418667177,0.0006419927228378156,8,0,QQQ_return;SP500_mean_return;SP500_fraction_up;QQQ_intraday;IWM_intraday;QQQ_high_low_range;SPY_log_volume;SPY_high_low_range,655.0001098373514
2025-02-13,2025-02-14,-3.344817206141215e-05,0.0005079230738717052,8,1,QQQ_return;SP500_mean_return;SP500_fraction_up;QQQ_intraday;IWM_intraday;QQQ_high_low_range;SPY_log_volume;SPY_high_low_range,659.1861416075421
2025-02-14,2025-02-18,0.0029224893672470387,0.0006117721964015657,8,0,QQQ_return;SP500_mean_return;SP500_fraction_up;QQQ_intraday;IWM_intraday;QQQ_high_low_range;SPY_log_volume;SPY_high_low_range,660.4088700257271
2025-02-18,2025-02-19,0.0023484941297038375,0.0006664055438442118,8,0,QQQ_return;SP500_mean_return;SP500_fraction_up;QQQ_intraday;IWM_intraday;QQQ_high_low_range;SPY_log_volume;SPY_high_low_range,655.0037635339264
2025-02-19,2025-02-20,-0.004167784107156791,0.0005905966033356976,8,0,QQQ_return;SP500_mean_return;SP500_fraction_up;QQQ_intraday;IWM_intraday;QQQ_high_low_range;SPY_log_volume;SPY_high_low_range,663.9053539871704
2025-02-20,2025-02-21,-0.01725488072261161,0.0006358212386935317,8,0,QQQ_return;SP500_mean_return;SP500_fraction_up;QQQ_intraday;IWM_intraday;QQQ_high_low_range;SPY_log_volume;SPY_high_low_range,664.5819845150698
2025-02-21,2025-02-24,-0.00454844357155082,-0.00034251560591035503,8,1,QQQ_return;SP500_mean_return;SP500_fraction_up;QQQ_intraday;IWM_intraday;QQQ_high_low_range;SPY_log_volume;SPY_high_low_range,664.2003208561474
2025-02-24,2025-02-25,-0.004998127552592102,0.0005207293555791175,8,0,QQQ_return;SP500_mean_return;SP500_fraction_up;QQQ_intraday;IWM_intraday;QQQ_high_low_range;SPY_log_volume;SPY_high_low_range,662.686340432045
2025-02-25,2025-02-26,0.000514659221186875,0.000615009227091223,8,0,QQQ_return;SP500_mean_return;SP500_fraction_up;QQQ_intraday;IWM_intraday;QQQ_high_low_range;SPY_log_volume;SPY_high_low_range,668.2273693424879
2025-02-26,2025-02-27,-0.01609633563222701,0.001119382996491912,8,1,QQQ_return;SP500_mean_return;SP500_fraction_up;QQQ_intraday;IWM_intraday;QQQ_high_low_range;SPY_log_volume;SPY_high_low_range,667.8991084994532
2025-02-27,2025-02-28,0.015478712774273262,7.484703170565845e-05,8,1,QQQ_return;SP500_mean_return;SP500_fraction_up;QQQ_intraday;IWM_intraday;QQQ_high_low_range;SPY_log_volume;SPY_high_low_range,647.0070965232491
2025-02-28,2025-03-03,-0.0176597387206332,0.0011372107024698892,8,1,QQQ_return;SP500_mean_return;SP500_fraction_up;QQQ_intraday;IWM_intraday;QQQ_high_low_range;SPY_log_volume;SPY_high_low_range,668.9409026097
2025-03-03,2025-03-04,-0.011913479276095984,-0.0005482039108613134,8,1,QQQ_return;SP500_mean_return;SP500_fraction_up;QQQ_intraday;IWM_intraday;QQQ_high_low_range;SPY_log_volume;SPY_high_low_range,658.2915906498444
2025-03-04,2025-03-05,0.010690023735912213,0.0006437655133366486,8,0,QQQ_return;SP500_mean_return;SP500_fraction_up;QQQ_intraday;IWM_intraday;QQQ_high_low_range;SPY_high_low_range;SPY_log_volume,674.0557739945474
2025-03-05,2025-03-06,-0.017910399800633137,0.0015915743813756074,8,1,QQQ_return;SP500_mean_return;SP500_fraction_up;QQQ_intraday;IWM_intraday;QQQ_high_low_range;SPY_high_low_range;SPY_log_volume,674.5048429569508
2025-03-06,2025-03-07,0.005592806091454072,0.00012870891087097717,8,1,QQQ_return;SP500_mean_return;SP500_fraction_up;QQQ_intraday;IWM_intraday;QQQ_high_low_range;SPY_high_low_range;SPY_log_volume,669.0796043615369
2025-03-07,2025-03-10,-0.027008056744161735,0.0004551420687963643,8,0,QQQ_return;SP500_mean_return;SP500_fraction_up;QQQ_intraday;IWM_intraday;QQQ_high_low_range;SPY_high_low_range;SPY_log_volume,678.3139285248915
2025-03-10,2025-03-11,-0.008347614071126053,-0.0006844842483887763,8,1,QQQ_return;SP500_mean_return;SP500_fraction_up;QQQ_intraday;IWM_intraday;QQQ_high_low_range;SPY_high_low_range;SPY_log_volume,590.957347646442
2025-03-11,2025-03-12,0.005305246330899571,0.001979429811317633,8,1,QQQ_return;SP500_mean_return;SP500_fraction_up;QQQ_intraday;IWM_intraday;QQQ_high_low_range;SPY_high_low_range;SPY_log_volume,679.9594782506537
2025-03-12,2025-03-13,-0.013427211877375278,0.0020129253836465525,8,1,QQQ_return;SP500_mean_return;SP500_fraction_up;QQQ_intraday;IWM_intraday;QQQ_high_low_range;SPY_high_low_range;SPY_log_volume,684.859343985055
2025-03-13,2025-03-14,0.020445294899852584,0.0007866307419463713,8,1,QQQ_return;SP500_mean_return;SP500_fraction_up;QQQ_intraday;IWM_intraday;QQQ_high_low_range;SPY_high_low_range;SPY_log_volume,613.0063734959964
2025-03-14,2025-03-17,0.007688597082743165,0.0006654186279464603,8,3,QQQ_return;SP500_mean_return;SP500_fraction_up;QQQ_intraday;IWM_intraday;QQQ_high_low_range;SPY_high_low_range;SPY_log_volume,663.299454305475
2025-03-17,2025-03-18,-0.010864268683576483,0.0014159087639209018,8,1,QQQ_return;SP500_mean_return;SP500_fraction_up;QQQ_intraday;IWM_intraday;QQQ_high_low_range;SPY_log_volume;SPY_high_low_range,676.0179061440347
2025-03-18,2025-03-19,0.010828309748676546,0.000523705711595362,8,1,QQQ_return;SP500_mean_return;SP500_fraction_up;QQQ_intraday;IWM_intraday;QQQ_high_low_range;SPY_log_volume;SPY_high_low_range,677.8021505579567
2025-03-19,2025-03-20,-0.0028989441863966903,0.0006470703668335357,8,2,QQQ_return;SP500_mean_return;SP500_fraction_up;QQQ_intraday;IWM_intraday;QQQ_high_low_range;SPY_log_volume;SPY_high_low_range,681.5378434543366
2025-03-20,2025-03-21,0.0003245231341351129,0.00039625968128423697,8,0,QQQ_return;SP500_mean_return;SP500_fraction_up;QQQ_intraday;IWM_intraday;QQQ_high_low_range;SPY_log_volume;SPY_high_low_range,674.0341131261277
2025-03-21,2025-03-24,0.01775934619149311,0.00044340112261734955,8,0,QQQ_return;SP500_mean_return;SP500_fraction_up;QQQ_intraday;IWM_intraday;QQQ_high_low_range;SPY_log_volume;SPY_high_low_range,678.4187766375945
2025-03-24,2025-03-25,0.0023878390799740856,0.0003892523706451603,8,0,QQQ_return;SP500_mean_return;SP500_fraction_up;QQQ_intraday;IWM_intraday;QQQ_high_low_range;SPY_log_volume;SPY_high_low_range,680.1939602053575
2025-03-25,2025-03-26,-0.011996624908690023,0.0005123214721317762,8,0,QQQ_return;SP500_mean_return;SP500_fraction_up;QQQ_intraday;IWM_intraday;QQQ_high_low_range;SPY_log_volume;SPY_high_low_range,683.9183881762784
2025-03-26,2025-03-27,-0.0026676469820916537,0.00038597662115912517,8,0,QQQ_return;SP500_mean_return;SP500_fraction_up;QQQ_intraday;IWM_intraday;QQQ_high_low_range;SPY_log_volume;SPY_high_low_range,673.0291588028697
2025-03-27,2025-03-28,-0.020338087947685324,0.0005472969460127012,8,0,QQQ_return;SP500_mean_return;SP500_fraction_up;QQQ_intraday;IWM_intraday;QQQ_high_low_range;SPY_log_volume;SPY_high_low_range,686.6393259372966
