split,version,symbol,n,accuracy_at_half,brier,up_rate
train,online,SPY,116171,0.5063311842025979,0.2500076238153099,0.49319537578225203
train,online,QQQ,116171,0.5056855841819387,0.250060825008383,0.4960618398739789
train,online,IWM,116171,0.5143280164584966,0.24979349680028648,0.48107531139440995
validation,frozen,SPY,35010,0.5079691516709511,0.24995015743706678,0.4933161953727506
validation,frozen,QQQ,35010,0.5051128249071694,0.24996722129879484,0.49365895458440445
validation,frozen,IWM,35010,0.5080834047415024,0.24989206837078115,0.4805198514710083
test,frozen,SPY,81417,0.5109620840856333,0.24989044846784095,0.4879447781175921
test,frozen,QQQ,81417,0.5010010194431138,0.2500107509246441,0.4936683984917155
test,frozen,IWM,81417,0.5058157387277841,0.24990843485906233,0.47830305710109683
test,online,SPY,81417,0.5111954505815739,0.2498835321699029,0.4879447781175921
test,online,QQQ,81417,0.5061719296952725,0.24996693061568076,0.4936683984917155
test,online,IWM,81417,0.5203213088175688,0.2495315119491578,0.47830305710109683
